id,unit,recorded_occurrences,string_characters,motif_atoms
0,[UNK],0,5,
1,!,0,1,
2,"""",0,1,
3,#,18982,1,
4,$,0,1,
5,%,9,1,
6,&,0,1,
7,',0,1,
8,(,74078,1,
9,),142182,1,
10,*,0,1,
11,+,1111,1,
12,",",0,1,
13,-,30405,1,
14,.,14071986,1,
15,/,33281,1,
16,0,11228,1,
17,1,89375,1,
18,2,107562,1,
19,3,157629,1,
20,4,182943,1,
21,5,206702,1,
22,6,205777,1,
23,7,211702,1,
24,8,197831,1,
25,9,189015,1,
26,:,0,1,
27,;,0,1,
28,<,0,1,
29,=,69471,1,
30,>,0,1,
31,?,0,1,
32,@,6212,1,
33,A,494,1,
34,B,7520,1,
35,C,282302,1,
36,D,0,1,
37,E,0,1,
38,F,98829,1,
39,G,1,1,
40,H,1130,1,
41,I,14266,1,
42,J,0,1,
43,K,1625,1,
44,L,599,1,
45,M,132,1,
46,N,245297,1,
47,O,352230,1,
48,P,29997,1,
49,Q,0,1,
50,R,16,1,
51,S,92770,1,
52,T,174,1,
53,U,0,1,
54,V,0,1,
55,W,0,1,
56,X,4,1,
57,Y,0,1,
58,Z,165,1,
59,[,8577,1,
60,\,6666,1,
61,],6614,1,
62,^,0,1,
63,_,0,1,
64,`,0,1,
65,a,195,1,
66,b,20,1,
67,c,45658,1,
68,d,0,1,
69,e,166,1,
70,f,0,1,
71,g,174,1,
72,h,0,1,
73,i,604,1,
74,j,0,1,
75,k,0,1,
76,l,2606,1,
77,m,0,1,
78,n,66030,1,
79,o,57465,1,
80,p,39,1,
81,q,0,1,
82,r,19,1,
83,s,59163,1,
84,t,68,1,
85,u,0,1,
86,v,0,1,
87,w,0,1,
88,x,0,1,
89,y,0,1,
90,z,0,1,
91,{,0,1,
92,|,0,1,
93,},0,1,
94,~,0,1,
95,cc,85309,2,
96,c1,144196,2,
97,CC,262177,2,
98,=O,129179,2,
99,%1,1000,2,
100,H],1424,2,
101,[C,1873,2,
102,=O),27766,3,
103,[C@,0,3,
104,(=O),44082,4,
105,ccc,49229,3,
106,(C,76214,2,
107,c2,121990,2,
108,cccc,25513,4,
109,C1,248202,2,
110,[C@@,0,4,
111,[C@H],58578,5,
112,cc1,53086,3,
113,[C@@H],123484,6,
114,(C),113798,3,
115,O=,85842,2,
116,(=O)N,81307,5,
117,n1,154577,2,
118,c1ccc,61567,5,
119,%10,128778,3,
120,ccccc1,11902,6,
121,F),3354,2,
122,N1,90407,2,
123,%2,1341,2,
124,C4,355519,2,
125,C5,346323,2,
126,(F),38753,3,
127,CC1,125447,3,
128,nc,73312,2,
129,C=,111541,2,
130,C6,317561,2,
131,CO,117454,2,
132,ccc2,52414,4,
133,C%1,699,3,
134,C(=O),94129,5,
135,c15,81650,3,
136,C3,291982,2,
137,c14,85599,3,
138,c1ccccc1,165995,8,
139,C7,279577,2,
140,CCCC,132263,4,
141,CN,99696,2,
142,(O,49796,2,
143,CCN,60861,3,
144,)cc1,74138,4,
145,c16,91175,3,
146,C2,217436,2,
147,%11,115096,3,
148,(N,60420,2,
149,c2cc,28619,4,
150,%3,1364,2,
151,[n,285,2,
152,Cl,145208,2,
153,C8,224368,2,
154,[nH],85414,4,
155,[C@H]1,57627,6,
156,(C)C,95224,4,
157,[C@@H]1,52949,7,
158,cc2,76159,3,
159,c13,71187,3,
160,%12,89093,3,
161,c17,83740,3,
162,CCO,90708,3,
163,nc2,61132,3,
164,c(,44822,2,
165,(=O)O,44127,5,
166,)c1,64004,3,
167,c2ccccc2,80876,8,
168,C(=O)N,77118,6,
169,C9,178793,2,
170,c1cc,42889,4,
171,(Cl,0,3,
172,%13,76511,3,
173,%4,802,2,
174,(F)(F),4777,6,
175,cn,55665,2,
176,C%2,1130,3,
177,N4,130135,2,
178,C/,20054,2,
179,N5,125468,2,
180,(N),17121,3,
181,c1cccc,27287,6,
182,%14,65148,3,
183,C%10,136676,4,
184,c18,61406,3,
185,c3,83927,2,
186,+],7481,2,
187,=N,36148,2,
188,O=C,5744,3,
189,CC2,127111,3,
190,nc1,81054,3,
191,56,27715,2,
192,(O),48971,3,
193,[C@],22404,4,
194,N6,112963,2,
195,CCC,90571,3,
196,%15,56105,3,
197,-],4140,2,
198,%5,423,2,
199,Cc1ccc,36922,6,
200,c5,78803,2,
201,s1,98034,2,
202,n2,72255,2,
203,O6,130114,2,
204,(OC,8457,3,
205,[C@@],22009,5,
206,O5,134309,2,
207,CC3,103567,3,
208,)N,39260,2,
209,C%11,111072,4,
210,COc1ccc,30942,7,
211,c6,81698,2,
212,34,38598,2,
213,(F)(F)F,9362,7,
214,%16,43670,3,
215,C(,14333,2,
216,C1=,26498,3,
217,c2ccc,39292,5,
218,[N,841,2,
219,c4,65818,2,
220,c12,62108,3,
221,N15,87960,3,
222,[O,725,2,
223,[O-],35417,4,
224,[C@@H]2,54411,7,
225,78,31197,2,
226,o1,78066,2,
227,N3,100999,2,
228,Br,16740,2,
229,CC4,97451,3,
230,c15ccc,49684,6,
231,/C=,11759,3,
232,C14,74242,3,
233,%17,52090,3,
234,O7,108169,2,
235,CCCN,87448,4,
236,C(=O)O,77272,6,
237,N14,81756,3,
238,C%3,1040,3,
239,[N+],16215,4,
240,O4,109127,2,
241,(Cl)cc1,21156,7,
242,c(c1,6642,4,
243,%6,271,2,
244,c(=O),52157,5,
245,(=O)=O,23506,6,
246,c14ccc,52406,6,
247,C%12,87437,4,
248,(F)cc1,21648,6,
249,4cc1,13055,4,
250,N7,82402,2,
251,C(C),25805,4,
252,c7,66695,2,
253,[C@H]2,50011,6,
254,c16ccc,46844,6,
255,%18,40235,3,
256,ncc,37443,3,
257,c19,45808,3,
258,#N,12972,2,
259,CC(=O)N,36334,7,
260,c(c1),7375,5,
261,N16,75270,3,
262,C15,68908,3,
263,(N)=O,25940,5,
264,c2c1,79643,4,
265,cnc,29354,3,
266,Cc1,32182,3,
267,O8,87931,2,
268,(=O)(=O),18822,8,
269,Cc1ccccc1,85859,9,
270,ccccc12,7133,7,
271,cn1,74825,3,
272,3),51661,2,
273,%19,39332,3,
274,nn,35177,2,
275,NC=,42578,3,
276,)CC1,54910,4,
277,C\,21132,2,
278,N=,41968,2,
279,CCCCC1,50153,6,
280,C(C)C,75763,5,
281,S4,33807,2,
282,O=6,98296,3,
283,(F)(F)F),281,8,
284,5cc1,10772,4,
285,CCOCC1,40237,6,
286,OC,65112,2,
287,N2,79102,2,
288,CC5,71118,3,
289,%20,29991,3,
290,C%13,76710,4,
291,nn1,66758,3,
292,(=O)[O-],14318,8,
293,CC(C),40260,5,
294,[nH]1,37981,5,
295,C16,54588,3,
296,cccc2,23975,5,
297,ccc2c(c1),6247,9,
298,O=7,90001,3,
299,CCCC1,48889,5,
300,nc5,36020,3,
301,)c,23424,2,
302,cc5,31786,3,
303,(C(F)(F)F),14427,10,
304,/C=C/,41575,5,
305,cc6,37075,3,
306,Cc1cc,17133,5,
307,%7,93,2,
308,N8,59133,2,
309,c17ccc,46399,6,
310,9%10,26952,4,
311,%21,32457,3,
312,O=5,84288,3,
313,nc6,36904,3,
314,ccc1,33155,4,
315,C%4,546,3,
316,O9,68197,2,
317,C[C@H],19680,6,
318,C%14,63513,4,
319,CS,42543,2,
320,c[nH],15206,5,
321,%22,22816,3,
322,C13,52193,3,
323,C[C@@H],22181,7,
324,(Cl)c1,12555,6,
325,(-,23128,2,
326,N17,58026,3,
327,O=8,73209,3,
328,c8,46744,2,
329,C(=O)c1ccc,30712,10,
330,=C/,32432,3,
331,c2ccccc12,27427,9,
332,(=O)(=O)N,8923,9,
333,C4=O,24111,4,
334,(C(=O)N,35867,7,
335,%23,25015,3,
336,c(C),35084,4,
337,O3,67075,2,
338,%8,112,2,
339,cccc1,34212,5,
340,CC=,35330,3,
341,CCN(C,23116,5,
342,[C@@H]4,25697,7,
343,C(=N,2426,4,
344,c1=O,30992,4,
345,S5,33008,2,
346,CC(=O)O,60704,7,
347,%24,21835,3,
348,ncc1,27810,4,
349,N13,49137,3,
350,[C@H]6,26801,6,
351,C5=O,21591,4,
352,CC[C@],6942,6,
353,C%15,52979,4,
354,C5(=O)N,31426,7,
355,=O)cc1,27624,6,
356,c13ccc,39521,6,
357,ccc3,25460,4,
358,[C@@H]6,30460,7,
359,n14,42940,3,
360,(CC,33165,3,
361,CN1,50400,3,
362,nc4,33917,3,
363,O%10,56480,4,
364,%25,29803,3,
365,c1%10,31605,5,
366,[C@H]4,19147,6,
367,C3=O,21360,4,
368,C(F)(F)F,34565,8,
369,n15,47118,3,
370,C17,40541,3,
371,6cc1,11368,4,
372,cnc2,34629,4,
373,O=C(N,32440,5,
374,O=C(O),25856,6,
375,4),31426,2,
376,(F)c1,16337,5,
377,C1=O,46399,4,
378,c16cc,31966,5,
379,(O)cc1,17255,6,
380,c2ccccc21,48238,9,
381,CCC2,40263,4,
382,%26,26674,3,
383,cc4,25143,3,
384,C(C)=O,44721,6,
385,3cc1,7052,4,
386,COc1cc,19603,6,
387,5),34394,2,
388,2),42170,2,
389,O=4,57061,3,
390,C%16,45058,4,
391,O1,53587,2,
392,nc7,30277,3,
393,(OC)c1,12047,6,
394,CCCCCCCC,26281,8,
395,(Cl),31626,4,
396,CC6,48753,3,
397,C#,20248,2,
398,C4(=O)N,26780,7,
399,S6,25511,2,
400,C6(=O)N,28460,7,
401,CO4,55250,3,
402,%27,27155,3,
403,C=6,32286,3,
404,N9,38237,2,
405,C(=N)N,5574,6,
406,%11%12,13044,6,
407,Cc1cccc,19849,7,
408,N#,34216,2,
409,C%5,303,3,
410,[C@]1,26026,5,
411,[C@@H]3,31633,7,
412,(=O)(=O)c1ccc,8638,13,
413,C2=,20728,3,
414,567,2459,3,
415,O=9,52149,3,
416,%(,70,2,
417,%(1,4130,3,
418,ncnc2,16800,5,
419,ccccc2,4599,6,
420,C=5,31589,3,
421,%28,22444,3,
422,c18ccc,35399,6,
423,CO3,44855,3,
424,C%17,37895,4,
425,CCN5,24610,4,
426,S3,23828,2,
427,CCNC(=N)N,48495,9,
428,[C@@]1,24762,6,
429,NC(=O),41388,6,
430,c15cc,38193,5,
431,6),36765,2,
432,[C@H]15,36325,7,
433,%29,17849,3,
434,C12,31382,3,
435,%9,17828,2,
436,c2c(,34926,4,
437,[C@H]8,24896,6,
438,O=C(C,18598,5,
439,4c1,11651,3,
440,O%11,42049,4,
441,nc3,30140,3,
442,C=7,29877,3,
443,(C)(C)C,19575,7,
444,c1ccc(Cl)cc1,41189,12,
445,C[C@@H]1,32121,8,
446,n16,41653,3,
447,CO2,18534,3,
448,c3cc,12300,4,
449,c2ccccc2),9237,9,
450,[C@@]2,24211,6,
451,N18,40584,3,
452,c14cc,33425,5,
453,C6=O,21019,4,
454,cc2c(,8004,5,
455,%30,23311,3,
456,[C@@H]8,25689,7,
457,c15ccccc1,40898,9,
458,no,15407,2,
459,[C@H]14,40537,7,
460,CCN6,18236,4,
461,C18,36512,3,
462,C%18,32777,4,
463,Cl5,43000,3,
464,CCC1,32080,4,
465,c9,36014,2,
466,Cn1,32272,3,
467,c1c[nH],3794,7,
468,Cl6,42421,3,
469,CCN4,18606,4,
470,[n+],18011,4,
471,c1n,38810,3,
472,c16ccccc1,38428,9,
473,c1ccc(F)cc1,30510,11,
474,345,2576,3,
475,%31,20411,3,
476,c1ccc4cc1,41239,9,
477,)O,32866,2,
478,(S,11712,2,
479,[C@@H]14,37445,8,
480,C1CC1,40607,5,
481,nc(N,29904,4,
482,[C@H]16,31872,7,
483,cc3,40253,3,
484,CCC4,32078,4,
485,7cc1,9580,4,
486,5c1,9797,3,
487,CN4,29306,3,
488,c14cc5,39636,6,
489,C7(=O)N,19550,7,
490,[C@@H]15,35710,8,
491,789,1662,3,
492,c15cccc,29437,7,
493,nc12,32014,4,
494,n13,29289,3,
495,c1ccc(O)cc1,38386,11,
496,%32,21633,3,
497,C%19,28801,4,
498,ccc12,25715,5,
499,C(=O)N1,31620,7,
500,c17cc,23636,5,
501,CCN1,24840,4,
502,[C@H]3,28214,6,
503,cs,12890,2,
504,O=C4,19134,4,
505,O=%10,37578,5,
506,cc21,29928,4,
507,[C@@H]5,31829,7,
508,F6,37403,2,
509,(C)c1,18219,5,
510,c14n,30136,4,
511,c1ccc5cc1,37280,9,
512,N4C(=O),24555,7,
513,F7,36839,2,
514,N%10,29340,4,
515,CN5,29170,3,
516,C%6,3275,3,
517,c15n,30225,4,
518,[C@H]5,25813,6,
519,7),29821,2,
520,O%12,36250,4,
521,%33,20217,3,
522,O2,35893,2,
523,C=4,29047,3,
524,nc2c1,35724,5,
525,c14ccccc1,35183,9,
526,(C)cc1,25951,6,
527,cc7,26212,3,
528,C56,22542,3,
529,C(=,11142,3,
530,c2cccc,14533,6,
531,[C@H]7,27240,6,
532,C=8,31605,3,
533,c16cccc,25978,7,
534,cnn,24632,3,
535,[C@H]%10,23848,8,
536,C%20,25254,4,
537,Cl7,33873,3,
538,C[C@H]1,25712,7,
539,CCC3,33764,4,
540,%34,22614,3,
541,nc8,26855,3,
542,c1%11,21863,5,
543,ccc21,21238,5,
544,c2n1,30511,4,
545,O=C3,11795,4,
546,%35,14984,3,
547,F5,33533,2,
548,CCC5,20790,4,
549,O=C1,26944,4,
550,Cl4,32912,3,
551,c15cc6,32792,6,
552,C(N)=O,32774,6,
553,c15ccc2,25561,7,
554,C%21,24159,4,
555,c14cccc,25053,7,
556,(C(F)(F)F)c1,14839,12,
557,F8,32320,2,
558,COc1ccc4cc1,25760,11,
559,4)cc1,22309,5,
560,[C@@H]7,25063,7,
561,C5O,28988,3,
562,CO5,31987,3,
563,(C#N,3081,4,
564,[C@@H]16,31724,8,
565,(/C=C/,12306,6,
566,S=,11733,2,
567,c1c[nH]c2ccccc12,31231,16,
568,ccc2c(c1)O,6673,10,
569,CC7,31028,3,
570,c17ccccc1,30882,9,
571,%36,21340,3,
572,COc1cccc,10393,8,
573,CCCC2,30807,5,
574,(C(=O)O,8796,7,
575,C(C)(C)C,23546,8,
576,CCCN1,17869,5,
577,c14ccc2,27261,7,
578,C7=O,14375,4,
579,C67,19417,3,
580,(OC)c,7249,5,
581,(OC),21161,4,
582,1),18411,2,
583,C3(=O)N,19196,7,
584,(=O)=O)cc1,7039,10,
585,CN3,23107,3,
586,CN(C),29798,5,
587,CCN(,23546,4,
588,c1C,24804,3,
589,CCN7,13409,4,
590,%37,19094,3,
591,[C@@H]13,28889,8,
592,COc1ccccc1,18683,10,
593,45,20639,2,
594,%15%16,10649,6,
595,c14nc5,28786,6,
596,[C@H]17,24466,7,
597,(C)(=O)=O,9399,9,
598,(C)CC1,8368,6,
599,O%13,28652,4,
600,C%22,21254,4,
601,n17,28577,3,
602,nc2cc,18828,5,
603,C45,18378,3,
604,N5C(=O),22445,7,
605,c(N),10910,4,
606,=C,15721,2,
607,5)cc1,21391,5,
608,[C@H]13,28125,7,
609,C/C=,7498,4,
610,CC2),14755,4,
611,N\,6377,2,
612,C8(=O)N,12069,7,
613,C2=O,16117,4,
614,cn2,24878,3,
615,CN2,27947,3,
616,(O)c1,14395,5,
617,c13cc,27859,5,
618,O=%11,27830,5,
619,c3ccccc3,27816,8,
620,c19ccc,23799,6,
621,(C)O,10846,4,
622,C4(=O),24139,6,
623,no1,27485,3,
624,%(10,16161,4,
625,[C@@H]%10,18152,9,
626,9%10%11,1138,7,
627,[C@H]%4,19854,7,
628,C6O,27027,3,
629,CN6,26968,3,
630,nc2ccc,16383,6,
631,(F)F,26957,4,
632,(O)O,4441,4,
633,C[C@H]2,26791,7,
634,CCC6,15021,4,
635,(C(F)(F)F)cc1,15169,13,
636,CNC(=O),26653,7,
637,c1ccc6cc1,23438,9,
638,C%23,18950,4,
639,C[C@@H]2,26353,8,
640,%38,17842,3,
641,c16ccc2,23136,7,
642,ccn1,26142,4,
643,=O)CC1,15766,6,
644,S7,16362,2,
645,C5(=O)O,26046,7,
646,[C@H]9,18986,6,
647,N19,25902,3,
648,cccc2c1,13723,7,
649,CC(N)=O,25841,7,
650,CCN3,13850,4,
651,F9,25765,2,
652,c=,9226,2,
653,c1ccc2,15858,6,
654,C(=O)N5,14221,7,
655,Cl8,25657,3,
656,[C@]2,19913,5,
657,nc21,22303,4,
658,[C@H]567,25414,8,
659,8cc1,11480,4,
660,C4O,25320,3,
661,(OC)cc1,20763,7,
662,cc2c(cc1,6874,8,
663,%17%18,6151,6,
664,c%10,25099,4,
665,c2cc6,11365,5,
666,%13%14,10754,6,
667,6c1,8990,3,
668,(Cl)c,8851,5,
669,C1CCCCC1,24947,8,
670,%39,12564,3,
671,C5N,13981,3,
672,C6(=O)O,24885,7,
673,c1ccc(C,17364,7,
674,cc2c1,19317,5,
675,C(=O)N4,18871,7,
676,C19,19412,3,
677,[C@H]%12,20352,8,
678,[N+](=O)[O-],5501,12,
679,C%7,18606,3,
680,[C@@H]17,24668,8,
681,[C@@H]567,24638,9,
682,c1ncc,12966,5,
683,c17cccc,18092,7,
684,C5(=O),24513,6,
685,c14c5,24500,5,
686,COc1ccc(C,15279,9,
687,(-c2ccccc2),17009,11,
688,8),24303,2,
689,c2cc5,11193,5,
690,[C@@H]456,24272,9,
691,C78,16125,3,
692,CCN5CC1,20046,7,
693,c(=O)[nH],12087,9,
694,N%11,17883,4,
695,Cc1ccc4cc1,20964,10,
696,(Br,2568,3,
697,C(=O)c1ccccc1,24014,13,
698,CCO2,15812,4,
699,C%24,14861,4,
700,=N/,23700,3,
701,[C@H]456,23334,8,
702,C1=4,20160,4,
703,[C@H]18,23188,7,
704,[C@H]678,23088,8,
705,C5c1ccccc1,23077,10,
706,(/C=,7457,4,
707,C7(=O)O,23010,7,
708,C=9,22986,3,
709,Cc1cc4,22969,6,
710,C%25,14969,4,
711,)c1ccccc1,12554,9,
712,S(=O)(=O),12456,9,
713,c18cc,16654,5,
714,c16n,19002,4,
715,cc8,18809,3,
716,C5(=O)N6,22555,8,
717,CCN6CC1,18720,7,
718,c15nc6,22430,6,
719,O%14,22428,4,
720,CCCC3,22417,5,
721,(=O)(O)O,10449,8,
722,c13cc4,22192,6,
723,N4C5=O,22164,6,
724,(F)c,6688,4,
725,C6c1ccccc1,21884,10,
726,F4,21880,2,
727,CC[C@]2,18427,7,
728,%19%20,4832,6,
729,C%26,14702,4,
730,cc(OC)c1,8871,8,
731,N3C(=O),16682,7,
732,O=C(O)C(F)(F)F,21537,14,
733,[C@@H]678,21490,9,
734,O6C,21416,3,
735,c3c(,21300,4,
736,CCC[C@H]1,12573,9,
737,O=3,21225,3,
738,COC(=O),21164,7,
739,C%8,21081,3,
740,C4(=O)O,21025,7,
741,n12,16954,3,
742,[n+]1,21018,5,
743,C7O,20989,3,
744,[C@@H]9,17815,7,
745,CC8,20850,3,
746,c13c4,20825,5,
747,C8=O,8162,4,
748,c3ccc,17265,5,
749,c18ccccc1,20726,9,
750,S2,16987,2,
751,CC[C@H]2,14468,8,
752,c2ccccc2)cc1,6333,12,
753,C(=O)N6,10910,7,
754,%40,13090,3,
755,nn2,20328,3,
756,CCN(C)CC1,20290,9,
757,[C@@H]345,20274,9,
758,(C3),11647,4,
759,%21%22,4013,6,
760,CCCO,7908,4,
761,S1,20157,2,
762,O=%12,20147,5,
763,67,20123,2,
764,C%27,13641,4,
765,C14=,13672,4,
766,c1cc5,17036,5,
767,(CC1,2409,4,
768,N5C6=O,19987,6,
769,c1cc4,19889,5,
770,CCNCC1,19887,6,
771,c2ccc6,5764,6,
772,C6(=O)N7,19812,8,
773,C8(=O)O,19788,7,
774,CCN2,19781,4,
775,C%28,13605,4,
776,O5C,19732,3,
777,COc1,7343,4,
778,(=O)(=O)N1,7065,10,
779,c2n,15901,3,
780,ccccc2c1,13337,8,
781,[S,2697,2,
782,(NC(=O),19540,7,
783,/N=,11575,3,
784,C4(=O)N5,19526,8,
785,N6C(=O),16191,7,
786,c13n,15388,4,
787,[C@@H]%12,15782,9,
788,c2nc,19475,4,
789,S(=O)(=O)c1ccc,15158,14,
790,3c1,4229,3,
791,[C@]12,15250,6,
792,c21,19270,3,
793,c13ccccc1,19269,9,
794,C4c1ccccc1,19257,10,
795,([N+](=O)[O-],52,13,
796,Br5,19200,3,
797,C3(=O),19072,6,
798,N%12,14881,4,
799,c2ccccc2)CC1,6862,12,
800,%41,13393,3,
801,c1ccc3cc1,19011,9,
802,5cc2,5950,4,
803,=S,12782,2,
804,CCC7,10478,4,
805,C6(=O),18866,6,
806,[C@@H]789,18851,9,
807,O7C,18834,3,
808,[C@@H]12,14060,8,
809,[C@@H]18,18740,8,
810,[C@H]345,18657,8,
811,C9(=O)N,9446,7,
812,[C@H]%14,14103,8,
813,cnn2,18509,4,
814,C%29,14875,4,
815,S8,18478,2,
816,%56,9968,3,
817,ccc2c1,18318,6,
818,N%13,18306,4,
819,CCN4CC1,13943,7,
820,c(=O)n,18171,6,
821,9),18164,2,
822,(N)N,762,4,
823,[C@H]789,18141,8,
824,C4N,14419,3,
825,c16cc7,18063,6,
826,cc12,18053,4,
827,c17ccc2,18003,7,
828,-2,17986,2,
829,F%10,17983,4,
830,c1%12,13978,5,
831,%42,12249,3,
832,n1),2838,3,
833,nc(C),17845,5,
834,cs1,17799,3,
835,C1%10,13918,5,
836,Cl3,17712,3,
837,S45,8913,3,
838,[C@@]3,13693,6,
839,[C@H]%11,17652,8,
840,Cc1cc3,17488,6,
841,c1ccc7cc1,17436,9,
842,CCN8,8348,4,
843,6)cc1,17301,5,
844,Br4,17278,3,
845,C%30,14151,4,
846,COc1ccc5cc1,13986,11,
847,O%15,17138,4,
848,n1C,17131,3,
849,%43,13940,3,
850,c5c1,17082,4,
851,(O)c,9245,4,
852,C1=3,17038,4,
853,CN7,17011,3,
854,C89,11170,3,
855,CCO3,17008,4,
856,Br6,17004,3,
857,c1cccc5c1,16975,9,
858,CC3C,16962,4,
859,n18,16956,3,
860,(Br)cc1,13091,7,
861,[Na,116,3,
862,c2cc7,9564,5,
863,Nc1,16838,3,
864,C7c1ccccc1,16817,10,
865,cc2ccccc2,13208,9,
866,[N+]4,4834,5,
867,C13=,10818,4,
868,c15cn,12226,5,
869,[Na+],16737,5,
870,C=3,16722,3,
871,nc9,13261,3,
872,=N\,16651,3,
873,CCN(C(=O),16653,9,
874,[C@H]%5,16611,7,
875,C%31,16547,4,
876,cc2),16473,4,
877,Cl9,16438,3,
878,N56,16423,3,
879,C145,16352,4,
880,cc(C),9251,5,
881,c13nc4,16343,6,
882,%44,8353,3,
883,NC1=,16298,4,
884,c15c6,16277,5,
885,N[C@@H],16267,7,
886,ccc2c(c1)OCO2,9181,13,
887,C#N,16266,3,
888,[C@H]19,16187,7,
889,c1ccc(O,16175,7,
890,[C@H]%16,10841,8,
891,c1cc6,16161,5,
892,ccc1O,16161,5,
893,=O)c1,12112,5,
894,)C2,7072,3,
895,N6C7=O,16144,6,
896,7c1,8318,3,
897,(Cl)c(Cl)c1,12803,11,
898,C(=O)N3,16070,7,
899,c6c1,16026,4,
900,CCc1ccccc1,15979,10,
901,CC(=O)N1,15919,8,
902,CCCC4,15904,5,
903,c13cccc,15854,7,
904,nc(N),11041,5,
905,%45,11030,3,
906,CCO4,15827,4,
907,N45,15826,3,
908,C(=C/,2195,5,
909,COc1ccc3cc1,15742,11,
910,ncnc21,5715,6,
911,c(F),9949,4,
912,C=%10,15720,5,
913,[N+]5,2190,5,
914,CCN7CC1,15684,7,
915,(N2,12414,3,
916,C6N,12447,3,
917,%46,15628,3,
918,C%32,12289,4,
919,on1,15566,3,
920,n[nH],15560,5,
921,(C1,5229,3,
922,C(=O)CN,15552,7,
923,O%16,15518,4,
924,-c1ccccc1,12181,9,
925,[C@H]89%10,15460,10,
926,CC4C,15412,4,
927,c2cc1,11483,5,
928,[C@@H]89%10,15355,11,
929,cc9,15355,3,
930,C34,11855,3,
931,c1cccc4c1,15258,9,
932,c2ccc7,5594,6,
933,[C@]3,15219,5,
934,)CC,11052,3,
935,C7(=O)N8,15179,8,
936,Cc1ccc5cc1,15135,10,
937,(OC)c(OC)c1,7109,11,
938,c14cn,9481,5,
939,[C@H]%13,15021,8,
940,=C1,10049,3,
941,c1%10ccc,14973,8,
942,%47,14922,3,
943,3c(,3017,3,
944,N1%10,14871,5,
945,CC2)cc1,10993,7,
946,C9=O,5053,4,
947,cc(C,14799,4,
948,O=%13,14762,5,
949,N/,2475,2,
950,c13ccc2c(c1),14726,12,
951,C6(F)(F)F,14723,9,
952,=6,14716,2,
953,C9(=O)O,14669,7,
954,(=O)(=O)O,9586,9,
955,CCCCC2,14663,6,
956,CCOC3=O,14588,7,
957,CCOC(=O),14583,8,
958,c14ccc2c(c1),14578,12,
959,ccnc1,14577,5,
960,ncc2,14570,4,
961,c18cccc,14539,7,
962,N%14,11385,4,
963,nnn,9454,3,
964,CC(=O)N4,14453,8,
965,C8O,14417,3,
966,[C@@H]34,5810,8,
967,CC[C@@]2,14386,8,
968,ccc4,10387,4,
969,C%9,14349,3,
970,O8C,14349,3,
971,[C@@H]19,14271,8,
972,sc1,14270,3,
973,C%33,14244,4,
974,COc1cc4,10869,7,
975,%(11,10164,4,
976,(c1ccccc1,3893,9,
977,%48,10270,3,
978,C(=C\,993,5,
979,ncn2,9396,4,
980,3)cc1,14092,5,
981,Cc2ccccc2,10154,9,
982,)C1,8811,3,
983,C(O),14032,4,
984,%49,10082,3,
985,[C@H]9%10%11,13999,12,
986,c%11,13963,4,
987,C134,13960,4,
988,cccc12,10106,6,
989,CCCN2,8260,5,
990,(C2,8843,3,
991,cccn1,13864,5,
992,[C@H]%18,8783,8,
993,N15CC,13819,5,
994,c16nc7,13814,6,
995,8c1,9104,3,
996,c14cc2,13798,6,
997,%50,13791,3,
998,CCC2(CC1,4070,8,
999,C%10(=O)N,5702,9,
1000,%27%28,4562,6,
1001,[nH]n1,13714,6,
1002,c4c1,13654,4,
1003,CC[C@]4,7446,7,
1004,/C(=C/,13622,6,
1005,[C@@H]%14,9770,9,
1006,C5(F)(F)F,13602,9,
1007,c5n1,13569,4,
1008,(C)=O,13533,5,
1009,c16cn,13507,5,
1010,[N+]5(=O)[O-],13497,13,
1011,C1=5,13487,4,
1012,C7(F)(F)F,13467,9,
1013,%23%24,6786,6,
1014,S56,6958,3,
1015,[C@H]1%10,13429,9,
1016,(S(=O)(=O)N,9955,11,
1017,/C=C\,13346,5,
1018,%11%12%13,330,9,
1019,%51,9835,3,
1020,C5c1ccc,13251,7,
1021,c7c1,13215,4,
1022,[C@H]%6,13161,7,
1023,c(O),13112,4,
1024,cccc1Cl,7019,7,
1025,c15cc2,13092,6,
1026,CCN(CC,8608,6,
1027,C3=,13035,3,
1028,C(=O)N7,9412,7,
1029,c15ccc(Cl)cc1,13027,13,
1030,[C@H]12,12985,7,
1031,c2ccc5cc2,12981,9,
1032,C8(=O)N9,12967,8,
1033,c14ccc5,12949,7,
1034,c15ccc6,12915,7,
1035,ccc6,12896,4,
1036,[N+]6,1398,5,
1037,[C@@]4,8375,6,
1038,c(C)c1,12869,6,
1039,N67,12817,3,
1040,C%34,12794,4,
1041,CO6,12786,3,
1042,S4(=O)=O,9461,8,
1043,89,12754,2,
1044,cc(OC)c1OC,9401,10,
1045,nc2c(,12746,5,
1046,cccc2ccccc12,12723,12,
1047,C15=,12690,4,
1048,cc%10,9144,5,
1049,%52,9241,3,
1050,N7C8=O,12644,6,
1051,=C(N)N,1732,6,
1052,C14=N,12621,5,
1053,CCC5CC1,12621,7,
1054,C56=O,12577,5,
1055,c6n1,12545,4,
1056,C3O,12521,3,
1057,C7(=O),12513,6,
1058,N7C(=O),12478,7,
1059,%53,12473,3,
1060,%30%31,3574,6,
1061,O=C4N,12467,5,
1062,C(\,8868,3,
1063,CC(C)(C),12413,8,
1064,[C@@]12,12385,7,
1065,COc1ccc2,12352,8,
1066,c1cccc6c1,12345,9,
1067,c(C,12298,3,
1068,c19ccccc1,12280,9,
1069,CCCO1,8968,5,
1070,O%17,12253,4,
1071,=7,12238,2,
1072,nn12,8604,4,
1073,c2[nH],12231,6,
1074,C9%10,8440,5,
1075,CCCCCC1,12217,7,
1076,(C#N)cc1,12217,8,
1077,CC(=O)N5,12210,8,
1078,c15ccc2c(c1),12183,12,
1079,CC[C@]3,12175,7,
1080,CC3CC,3901,5,
1081,=5,12131,2,
1082,C6#N,12122,4,
1083,c(=O)[nH]c1=O,7982,13,
1084,[C@@H]9%10%11,12048,13,
1085,[C@H]%20,6416,8,
1086,ncn1,12024,4,
1087,COC3=O,12024,6,
1088,=C\,11998,3,
1089,7)cc1,11998,5,
1090,C3c1ccccc1,11991,10,
1091,n(C),7721,4,
1092,(OC(F)(F)F),3216,11,
1093,[N+]4(=O)[O-],11956,13,
1094,c2ncc,11955,5,
1095,CC(=O),11946,6,
1096,S34,7248,3,
1097,P(=O)(O)O,11910,9,
1098,COCCO,6990,5,
1099,c1cnc,4754,5,
1100,%55,11821,3,
1101,CCC8,6731,4,
1102,12,3764,2,
1103,c(-,4085,3,
1104,CCn1,11783,4,
1105,[C@@H]%11,11779,9,
1106,Cc1ccc3cc1,11770,10,
1107,ncnc2c1,7056,7,
1108,c1cn,11767,4,
1109,CCC6CC1,11757,7,
1110,%54,11737,3,
1111,c16ccc(F)cc1,11729,12,
1112,ccc1F,11713,5,
1113,CC(=O)N3,11707,8,
1114,c18ccc2,11706,7,
1115,C%10=O,3444,6,
1116,C/C=C/,11658,6,
1117,Br7,11642,3,
1118,C6c1ccc,11639,7,
1119,C%11(=O)N,4011,9,
1120,3)N,3251,3,
1121,c17n,11629,4,
1122,F%11,11613,4,
1123,(C1),11613,4,
1124,5)c1,11600,4,
1125,[N+]3,1433,5,
1126,c1cc3,11553,5,
1127,c1cccc(Cl)c1,11550,12,
1128,O%18,11518,4,
1129,N12,11512,3,
1130,C156,11508,4,
1131,[N+]6(=O)[O-],11492,13,
1132,n6,11484,2,
1133,ccc15,11475,5,
1134,c1cc7,11474,5,
1135,(=O)(=O)c1ccccc1,11449,16,
1136,O=%14,11446,5,
1137,c16ccc(Cl)cc1,11446,13,
1138,Cc1cc5,11443,6,
1139,c15ccc(F)cc1,11431,12,
1140,[C@@H]1%10,11397,10,
1141,([N+](=O)[O-])cc1,7979,17,
1142,9cc1,6392,4,
1143,N14CC,11328,5,
1144,c12ccc,11306,6,
1145,N14C=5,11282,6,
1146,C8c1ccccc1,11281,10,
1147,C[C@H]6,8221,7,
1148,O=C(N3),11255,7,
1149,nc2ccccc12,11222,10,
1150,%25%26,7403,6,
1151,C6(C)C,11130,6,
1152,(=N,2088,3,
1153,c(Cl),4988,5,
1154,C67=O,11068,5,
1155,N=C,2848,3,
1156,N3C4=O,11056,6,
1157,C=2,11042,3,
1158,O=c1,7635,4,
1159,c2cc4,7098,5,
1160,co,11025,2,
1161,N%15,6890,4,
1162,C=%11,11007,5,
1163,C3(=O)O,10976,7,
1164,c(c1)O,4321,6,
1165,c(N,10959,3,
1166,[C@@H]%16,7050,9,
1167,C(=O)N2,10925,7,
1168,c1ccccn1,10909,8,
1169,(-c2ccccc2)cc1,7678,14,
1170,CCN=C(N)N,10904,9,
1171,C%36,10888,4,
1172,C%38,10850,4,
1173,CC9,10848,3,
1174,)N2,5215,3,
1175,C5(C)C,10845,6,
1176,[C@H]34,7232,7,
1177,Cc1cccc4c1,10825,10,
1178,C8(F)(F)F,10820,9,
1179,C3(=O)N4,10819,8,
1180,Br3,10814,3,
1181,(CO,10792,3,
1182,%32%33,3308,6,
1183,4)c1,10784,4,
1184,ccccc3,10775,6,
1185,C1=8,10772,4,
1186,C%10(=O)O,10727,9,
1187,C5N1,10700,4,
1188,O4C,10669,3,
1189,C7#N,10645,4,
1190,C=C1,10642,4,
1191,C%35,10608,4,
1192,C%39,10577,4,
1193,%57,7451,3,
1194,CN(C)C,10557,6,
1195,COc1cc5,10540,7,
1196,c2),10522,3,
1197,[C@@H]%18,6636,9,
1198,C3N,10501,3,
1199,c17cn,10493,5,
1200,c17cc8,10492,6,
1201,C4c1ccc,10477,7,
1202,C2(,10475,3,
1203,c14ccc(Cl)cc1,10459,13,
1204,nc15,10417,4,
1205,CCOC4=O,10412,7,
1206,Cl%10,10401,5,
1207,([O-],4085,5,
1208,n5,10386,2,
1209,nc14,10386,4,
1210,C%37,10373,4,
1211,sc2c1,10367,5,
1212,[C@H]%10%11%12,10362,14,
1213,O[C@H],10357,6,
1214,(c1ccccc1)c1ccccc1,10315,18,
1215,C),6687,2,
1216,c2ccc6cc2,10277,9,
1217,(C4),10249,4,
1218,c2c6,10244,4,
1219,ccc5,7016,4,
1220,O=C3N,10215,5,
1221,ccc7,10203,4,
1222,c2s,10202,3,
1223,CCN9,5454,4,
1224,N15CCC,10184,6,
1225,c15cnc,6092,6,
1226,C1=7,10160,4,
1227,O=%15,10156,5,
1228,(C5),10146,4,
1229,(F)c(F)c1,10138,9,
1230,c1%13,10119,5,
1231,c(F)c1,10110,6,
1232,C45=O,10109,5,
1233,nc2n1,10101,5,
1234,c16ccc7,10097,7,
1235,ccc14,10087,5,
1236,c14cnc,6092,6,
1237,C9O,10081,3,
1238,[C@@H]234,10049,9,
1239,[C@@H]%13,10033,9,
1240,c2cc8,10031,5,
1241,%10%11,10022,6,
1242,c(N)ncnc21,731,10,
1243,N16CC,10004,5,
1244,C4(F)(F)F,9977,9,
1245,(C#N),9956,5,
1246,C%11=O,2528,6,
1247,c1ccccc12,9949,9,
1248,%58,9934,3,
1249,(N)(=O)=O,9922,9,
1250,C=C2,9919,4,
1251,F3,9897,2,
1252,C7(C)C,9894,6,
1253,N15C=6,9893,6,
1254,[C@H]1%11,9851,9,
1255,%15%16%17,149,9,
1256,C5#N,9821,4,
1257,%59,9796,3,
1258,c13ccc2,9786,7,
1259,N8C9=O,9783,6,
1260,CC4=O,9775,5,
1261,ccc16,9771,5,
1262,O=C(,9769,4,
1263,C1=6,9764,4,
1264,%17%18%19,68,9,
1265,c[nH]c2ccccc12,9761,14,
1266,c1ccncc1,9731,8,
1267,cnn(C)c1,9719,8,
1268,c16c7,9714,5,
1269,CCC2(CC1),9678,9,
1270,C7c1ccc,9671,7,
1271,CC[C@@H]2,9663,9,
1272,C[C@H]5,9647,7,
1273,=8,9647,2,
1274,c4cc,5663,4,
1275,n3,9638,2,
1276,(CN,9630,3,
1277,C[C@@H]6,9597,8,
1278,[C@@H]%24,6547,9,
1279,C%41,9569,4,
1280,O9C,9565,3,
1281,C(=S,5633,4,
1282,3)c1,3614,4,
1283,C2\,2700,3,
1284,[Br,3,3,
1285,[Br-],9533,5,
1286,c2cnc,9530,5,
1287,c2cc5ccc2,9503,9,
1288,c1cccc(F)c1,9496,11,
1289,(-c2ccccc2,5336,10,
1290,[C@@H]2%13,6314,10,
1291,c16cc2,9475,6,
1292,C[C@@H]5,9474,8,
1293,(C(=O)O)cc1,9467,11,
1294,[C@@H]1CCCN1,1864,12,
1295,[C@H]%22,6149,8,
1296,n7,9430,2,
1297,cc(C)c1,9412,7,
1298,COC4=O,9404,6,
1299,S(C)(=O)=O,9404,10,
1300,C16CC1,9392,6,
1301,CC(C)C3,9369,7,
1302,N4C(=O)C5,9364,9,
1303,C\4,5390,3,
1304,c2ccc4,4588,6,
1305,C#3,9331,3,
1306,cccc1F,3550,6,
1307,n19,9296,3,
1308,COc1cc2,9281,7,
1309,CC(C)(C)O,9280,9,
1310,oc2c1,9275,5,
1311,[nH]c2c1,9272,8,
1312,c2c5,9255,4,
1313,C7N,9224,3,
1314,S9,9170,2,
1315,[C@H]%7,9170,7,
1316,[nH]c1=O,5676,8,
1317,n[nH]1,9164,6,
1318,N%16,5216,4,
1319,N1%11,9157,5,
1320,C9(=O)N%10,9143,10,
1321,C(=O)/C=C/,9140,10,
1322,Cc1cn,9138,5,
1323,c(=O)[nH]1,9133,10,
1324,CN8,9128,3,
1325,c1cccnc1,9123,8,
1326,c3c1,9118,4,
1327,C15=N,9097,5,
1328,NC3=O,9087,5,
1329,c17ccc(F)cc1,9087,12,
1330,c13cn,5385,5,
1331,C1)C2,512,5,
1332,CC(C)C,9069,6,
1333,C\5,4736,3,
1334,[C@@H]%10%11%12,9067,15,
1335,C%42,9065,4,
1336,(=N)N,9042,5,
1337,CS3,9029,3,
1338,[C@@H]3%14,5828,10,
1339,CCN8CC1,9018,7,
1340,CCCC5,9011,5,
1341,cc(F)c1,4292,7,
1342,=4,8986,2,
1343,[C@@H]1%11,8984,10,
1344,6)CC1,8983,5,
1345,C17CC1,8981,6,
1346,S5(=O)=O,5469,8,
1347,[C@H]%15,8967,8,
1348,COc1cc3,8963,7,
1349,CC5=O,8962,5,
1350,C1%11,8953,5,
1351,C4C,8951,3,
1352,C/C=C\,8949,6,
1353,O=C5,8924,4,
1354,N=C2,8923,4,
1355,C%12(=O)N,4016,9,
1356,C1CCCC1,8913,7,
1357,C%10%11,8913,7,
1358,N78,8905,3,
1359,=C2,8879,3,
1360,C%40,8876,4,
1361,c2ccccc2n1,8874,10,
1362,O[C@@H]2,8873,8,
1363,[C@@]5,5561,6,
1364,O=%16,8865,5,
1365,C#4,8861,3,
1366,%60,8841,3,
1367,c19cc,8841,5,
1368,C8(C)C,8832,6,
1369,Cc1cc(C),8826,8,
1370,c14nn,4424,5,
1371,[S+],8777,4,
1372,S45(=O)=O,8771,9,
1373,C6C,8770,3,
1374,c16cnc,8760,6,
1375,(/C=N/,8760,6,
1376,(OC(F)(F)F)cc1,8746,14,
1377,%61,8741,3,
1378,O%20,8733,4,
1379,CCC[C@H]1C(=O)N,8703,15,
1380,c2ccccc2[nH]1,8702,13,
1381,O%19,8697,4,
1382,C4C(=O)N,8682,8,
1383,C=C,8676,3,
1384,c2ccc8,8659,6,
1385,O=C(C3),8647,7,
1386,c2cc6ccc2,8643,9,
1387,oc1,8641,3,
1388,C5C,8630,3,
1389,[C@@H]45,8601,8,
1390,C4N5,8597,4,
1391,nc16,8592,4,
1392,c14ncc,8579,6,
1393,8)cc1,8575,5,
1394,(C3)C1)C2,470,9,
1395,c2ccccc2s1,8553,10,
1396,COc1cccc4c1,8529,11,
1397,C(=O)c1ccc4cc1,8519,14,
1398,%38%39,5090,6,
1399,C[C@H]7,8507,7,
1400,%78,8503,3,
1401,Cc1ccc4,8492,7,
1402,C6N1,8481,4,
1403,CCC(=O)N,3773,8,
1404,[C@@H]%20,5215,9,
1405,Cc1ccc2,8430,7,
1406,6)c1,8425,4,
1407,CCC7CC1,8408,7,
1408,c%12,8399,4,
1409,c(Cl)c1,8389,7,
1410,S4(=O)(=O)N,4448,11,
1411,)N1,8387,3,
1412,/C(=C\,8382,6,
1413,O=C(C3)N,8378,8,
1414,cccc21,8366,6,
1415,c1ccc4,8357,6,
1416,C1\,8342,3,
1417,)N3,8338,3,
1418,ccc1C,8331,5,
1419,c19cccc,8306,7,
1420,C4CN,8303,4,
1421,S67,4364,3,
1422,C1=9,8289,4,
1423,C%(10,8285,5,
1424,N%17,4445,4,
1425,CC3CC(CC,173,8,
1426,C%12=O,2027,6,
1427,c15ncc,8245,6,
1428,[C@@H]1%12,8245,10,
1429,(=O)N3,8242,6,
1430,c15ccc(C,8240,8,
1431,c2c7,8233,4,
1432,N9C%10=O,8233,8,
1433,nnc1,8226,4,
1434,)N4,8214,3,
1435,c1cccc2,3290,7,
1436,CCN(C5,4254,6,
1437,ccc2c(c1)OCCO2,8181,14,
1438,C%44,8178,4,
1439,Cc1no,3281,5,
1440,nc%10,8165,5,
1441,N16CCOCC1,8161,9,
1442,C8#N,8129,4,
1443,C78=O,8103,5,
1444,c7n1,8092,4,
1445,CC3CC(CC(C3)C1)C2,8092,17,
1446,Cc1ccc(,8075,7,
1447,c4n1,8070,4,
1448,C=%12,8068,5,
1449,c14ccc(F)cc1,8067,12,
1450,CC3=O,8066,5,
1451,CCC4CC1,8060,7,
1452,%19%20%21,62,9,
1453,CC[C@]12,3273,8,
1454,CCO1,8035,4,
1455,[nH]c(=O),8032,9,
1456,C%10(=O)N%11,8021,12,
1457,C(=O)c1ccc5cc1,8019,14,
1458,C13=N,8018,5,
1459,N14CCC,7994,6,
1460,(OC)c(OC)c(OC)c1,7993,16,
1461,c17ccc(Cl)cc1,7982,13,
1462,N34,7980,3,
1463,[N+]7,779,5,
1464,C5C(=O)N,7966,8,
1465,/N=C/,7946,5,
1466,C5N6,7942,4,
1467,%63,7942,3,
1468,C15CC1,7927,6,
1469,[C@H]234,7920,8,
1470,C%45,7907,4,
1471,c1ccccc1Cl,7906,10,
1472,Cc1c3,7883,5,
1473,%62,7877,3,
1474,9c1,7845,3,
1475,CCO5,7837,4,
1476,[C@H]45,7836,7,
1477,C%46,7820,4,
1478,CC=6,7819,4,
1479,[C@H]%8,7817,7,
1480,c1%11ccc,7817,8,
1481,(=O)NCC(=O)N,7813,12,
1482,N15CCOCC1,7813,9,
1483,c(OC)c1,7801,7,
1484,(O)c(O)c1,7795,9,
1485,c2ccccc2C1,3945,10,
1486,c1cccc7c1,7792,9,
1487,CC[C@H]4,7779,8,
1488,C5(=O)N1,7777,8,
1489,C%43,7755,4,
1490,Cc1cccc5c1,7753,10,
1491,CC#,7736,3,
1492,%28%29,2443,6,
1493,C(=O)CC,7717,7,
1494,CC(=O)N6,7712,8,
1495,c5c6,7708,4,
1496,C9(F)(F)F,7700,9,
1497,c(-c2ccccc2),7700,12,
1498,c1ccccc13,7693,9,
1499,c2C1,7689,4,
1500,[nH]ccc12,4421,9,
1501,c2cc3,7658,5,
1502,C4(C)C,7655,6,
1503,CC=5,7654,4,
1504,C%11(=O)N%12,7628,12,
1505,CC[C@H]1,7619,8,
1506,CC2C,7616,4,
1507,CC[C@@H]1,7613,9,
1508,C(=O)[C@@H]1CCCN1,7600,17,
1509,(C5,7586,3,
1510,CCCN5,7581,5,
1511,c1ccc(N,7572,7,
1512,c17cnc,7563,6,
1513,ccc2n1,7549,6,
1514,C4C(=O)N5,7541,9,
1515,CC(=O)N2,7540,8,
1516,n2n1,7539,4,
1517,c1c[nH]cn1,7534,10,
1518,NC4=O,7528,5,
1519,NC=6,7523,4,
1520,C5=,7511,3,
1521,cc(Cl)c1,7509,8,
1522,N16CCC,7501,6,
1523,[C@@H]23,7500,8,
1524,[C@H]%17,7496,8,
1525,c1ccc8cc1,7494,9,
1526,C8(=O),7490,6,
1527,c1ccc5,7486,6,
1528,c1ccccc14,7486,9,
1529,(N)nc1,4204,6,
1530,C(=N\,3994,5,
1531,C9c1ccccc1,7468,10,
1532,(C)(C)O,7460,7,
1533,C2(=O),7450,6,
1534,[nH]c1,7449,6,
1535,nc(-c2ccccc2),7427,13,
1536,N%10C%11=O,7426,10,
1537,c1cccc3c1,7422,9,
1538,C[C@@H]7,7420,8,
1539,C%48,7415,4,
1540,O=C5N,7396,5,
1541,%65,7373,3,
1542,COC1,7328,4,
1543,c15ccc(N,7322,8,
1544,CC5C,7322,4,
1545,cc(=O),7313,6,
1546,%64,7313,3,
1547,%21%22%23,2925,9,
1548,CC3(C)C,7303,7,
1549,CCOC1,7302,5,
1550,[C@H]1%12,7299,9,
1551,CN4C,7299,4,
1552,c(c1)N,7277,6,
1553,c16ccc2c(c1),7272,12,
1554,nc1C,7268,4,
1555,N%19,3678,4,
1556,C(=O)c2ccccc2,1534,13,
1557,N\4,2439,3,
1558,Cc1c4,7257,5,
1559,CO1,7245,3,
1560,cc%11,7240,5,
1561,C5C6,7238,4,
1562,c1ccco1,7237,7,
1563,C%11%12,7231,7,
1564,cncn1,7224,5,
1565,C(=O)OC(C)(C)C,7212,14,
1566,c14nnc5,7210,7,
1567,C(=O)N8,7209,7,
1568,%69,7203,3,
1569,%10),7196,4,
1570,[N+]7(=O)[O-],7197,13,
1571,S5(=O)(=O)c1ccc,7180,15,
1572,(C(N),3866,5,
1573,O[C@@H],7158,7,
1574,%67,7159,3,
1575,N8C(=O),7158,7,
1576,O=C(/C=C/,7155,9,
1577,C[C@@H]4,7153,8,
1578,C%10O,7148,5,
1579,CCCN4,7148,5,
1580,c2cc3c(,2669,7,
1581,c14ccc(N,7145,8,
1582,c13ccc4,7136,7,
1583,CC[C@@H]4,7135,9,
1584,N%18,4076,4,
1585,OC2,7116,3,
1586,=9,7108,2,
1587,O56,7087,3,
1588,ccc2[nH]1,7079,9,
1589,n14c5,7076,5,
1590,(C(=O),7068,6,
1591,c1cnc[nH]1,7067,10,
1592,%68,7062,3,
1593,CS4,7058,3,
1594,Cc1ccc6cc1,7037,10,
1595,C%49,7036,4,
1596,[N+]3(=O)[O-],7028,13,
1597,%12%13,7026,6,
1598,OC(=O),7012,6,
1599,O=%17,7013,5,
1600,CS5,6998,3,
1601,C6(=O)N1,6990,8,
1602,Cc1nn,6989,5,
1603,%66,6983,3,
1604,CC(C)C2,6979,7,
1605,[C@]4,6966,5,
1606,C18CC1,6957,6,
1607,ccc1Cl,6953,6,
1608,C\3,6943,3,
1609,[C@H]%26,3709,8,
1610,CCC9,6938,4,
1611,[C@H]%24,6919,8,
1612,C3C(=O)N,6917,8,
1613,S3(=O)=O,6913,8,
1614,C9(C)C,6907,6,
1615,C%11(=O)O,6902,9,
1616,cc(C(F)(F)F)c1,2927,14,
1617,CC(F)(F)F,6900,9,
1618,c15cccc2,6889,8,
1619,[C@H]15CC,3029,9,
1620,Br8,6884,3,
1621,C=C3,6874,4,
1622,CC2)c1,6873,6,
1623,c1cc8,6869,5,
1624,%34%35,6869,6,
1625,C%47,6868,4,
1626,[Cl,638,3,
1627,NC=5,6863,4,
1628,c17nc8,6859,6,
1629,ccc13,6843,5,
1630,(/C=C2\,6842,7,
1631,cc2)cc1,6841,7,
1632,N13C=4,6835,6,
1633,nc(,6821,3,
1634,O67,6821,3,
1635,C%51,6818,4,
1636,N#C4,6812,4,
1637,CCCCCCCCCCCC,6801,12,
1638,C=C4,6781,4,
1639,O=C2,6780,4,
1640,N\3,2263,3,
1641,(S(N),1035,5,
1642,C7C,6771,3,
1643,C4=,6770,3,
1644,N5C(=O)c1ccc,6743,12,
1645,O=%18,6740,5,
1646,c1%10ccccc1,6740,11,
1647,F%12,6735,4,
1648,C[C@@]2,6731,7,
1649,O[C@@H]1,6722,8,
1650,c2ccc3,6715,6,
1651,4)N,2996,3,
1652,CN3C,6711,4,
1653,c2cn,6708,4,
1654,(C(=O)O),3501,8,
1655,c12ccccc1,6697,9,
1656,C4#N,6692,4,
1657,[N+]2,6675,5,
1658,c1%14,6672,5,
1659,CC[C@@H],6670,8,
1660,c2nc3,6660,5,
1661,c2ccccc2c1=O,6646,12,
1662,c(c1)OCO2,3020,9,
1663,%14%15,6641,6,
1664,c16ncc,6635,6,
1665,C[C@H]3,6627,7,
1666,c14nc2,6623,6,
1667,CCN1CCOCC1,6623,10,
1668,CSS,6620,3,
1669,S3(=O)(=O)N,3452,11,
1670,CCCN3,6609,5,
1671,c15cccnc1,6604,9,
1672,CC2(,6599,4,
1673,(C#N)c1,6594,7,
1674,O%22,6593,4,
1675,N#C3,6592,4,
1676,C4C5,6591,4,
1677,n8,6571,2,
1678,cc2s1,6567,5,
1679,NC=7,6564,4,
1680,n2)cc1,6562,6,
1681,c2nc6,6558,5,
1682,(C2),6554,4,
1683,C16=,6550,4,
1684,[C@@H]%25,6547,9,
1685,CC1CC1,6544,6,
1686,c2cc9,6533,5,
1687,c17ccc8,6525,7,
1688,%71,6524,3,
1689,(C)(C),6508,6,
1690,C%14(=O)N,2199,9,
1691,C(C)=C/,6492,7,
1692,ccc8,6491,4,
1693,[C@H]%11%12%13,6491,14,
1694,O=C3O,6490,5,
1695,O),6487,2,
1696,S56(=O)=O,6476,9,
1697,S4(=O)(=O)c1ccc,6473,15,
1698,C167,6473,4,
1699,S5(=O)(=O)N,6469,11,
1700,O%10C,6465,5,
1701,cccnc12,6454,7,
1702,[C@@H]%11%12%13,6453,15,
1703,c18cn,6448,5,
1704,C%52,6446,4,
1705,C[C@H]8,6442,7,
1706,C2=C,6440,4,
1707,C(=O)C3,6439,7,
1708,n2c1,6438,4,
1709,C4N1,6435,4,
1710,C1=%10,6427,6,
1711,0),6426,2,
1712,7)CC1,6424,5,
1713,N4C5,6424,4,
1714,COc1ccc4cc1OC,6421,13,
1715,CCCN6,6420,5,
1716,C%15(=O)N,1537,9,
1717,C[C@H]4,6412,7,
1718,ccc17,6408,5,
1719,n14cc5,6403,6,
1720,CC4(C)C,6400,7,
1721,C14=C5,6399,6,
1722,%70,6385,3,
1723,cnc2c1,6385,6,
1724,O=C1N,6385,5,
1725,cc6c1,6379,5,
1726,C[C@@H]8,6368,8,
1727,CC%10,6366,5,
1728,[C@@H]56,6361,8,
1729,c(C(=O)N,6333,8,
1730,CNC4=O,6330,6,
1731,C=%13,6328,5,
1732,cc5c1,6322,5,
1733,nc17,6317,4,
1734,(C6),6311,4,
1735,[C@@H]%22,6309,9,
1736,([O-]),6308,6,
1737,O%21,6304,4,
1738,C=C(C)C,6302,7,
1739,Cc1ccccc13,6290,10,
1740,c15nn,3175,5,
1741,CCN3CC,6270,6,
1742,c15ccncc1,6265,9,
1743,7)c1,6264,4,
1744,CSC,6263,3,
1745,C%15=O,3166,6,
1746,nn1C,6260,4,
1747,O=C(N4),6248,7,
1748,C%50,6245,4,
1749,n4,6244,2,
1750,nc2ccccc21,6240,10,
1751,c14cc2c(cc1,1443,11,
1752,(=O)=O)CC1,6236,10,
1753,N%11C%12=O,6235,10,
1754,CCN(Cc2ccccc2)CC1,6231,17,
1755,c15nnc6,3031,7,
1756,[Cl-],6226,5,
1757,c1ccc2ccccc2c1,6224,14,
1758,CC(C)=,6208,6,
1759,cc(,6202,3,
1760,C%13(=O)N,2893,9,
1761,N17CCOCC1,6195,9,
1762,%10cc1,6188,6,
1763,CC[C@]43,516,8,
1764,c18ccc(F)cc1,6180,12,
1765,CC[C@H]2[C@@H]3,6174,15,
1766,c6c7,6165,4,
1767,n(,3016,2,
1768,C4(=O)N1,6152,8,
1769,c14cs,6150,5,
1770,(=S,6136,3,
1771,%13%14%15,6136,9,
1772,C8N,6120,3,
1773,C%54,6107,4,
1774,S=5,6106,3,
1775,CC=7,6104,4,
1776,c14s,6102,4,
1777,[C@H]1%13,6100,9,
1778,cnc12,6099,5,
1779,c(Cl)cccc1Cl,6080,12,
1780,O=C4O,6079,5,
1781,oc1=O,6078,5,
1782,C15CCCCC1,6078,9,
1783,%73,6075,3,
1784,c18n,6069,4,
1785,C(=O)C4,6061,7,
1786,ccc(=O),2567,7,
1787,c18cc9,6057,6,
1788,c8c1,6045,4,
1789,nc13,6044,4,
1790,n15cc6,6043,6,
1791,c1ccccc1F,6040,9,
1792,COc1ccccc13,6035,11,
1793,C6=,6034,3,
1794,-c1,6024,3,
1795,(C(=O)N2,6013,8,
1796,c2)cc1,6004,6,
1797,NC=8,5997,4,
1798,c2cccc3,5997,7,
1799,Cc1n,5995,4,
1800,%(12,5994,4,
1801,N14C(=O),5988,8,
1802,N5C(=O)C6,5985,9,
1803,CC[C@@H]3,5981,9,
1804,C%53,5981,4,
1805,N%20,5969,4,
1806,C5C(=O)N6,5965,9,
1807,S6(=O)=O,5963,8,
1808,C%55,5963,4,
1809,C6(N)=O,5956,7,
1810,C13=C4,5953,6,
1811,[C@H]%19,5949,8,
1812,C%16=O,1829,6,
1813,C%16(=O)N,968,9,
1814,CCN(c2ccccc2)CC1,5944,16,
1815,O=C(N3)c1,5942,9,
1816,%27%28%29,2111,9,
1817,c13nn,5922,5,
1818,[nH]c3,5921,6,
1819,Cc1ccc(F)cc1,5919,12,
1820,n13c4,5918,5,
1821,C3C(=O)N4,5915,9,
1822,c2ccc7cc2,5872,9,
1823,C5CN,5862,4,
1824,%72,5861,3,
1825,c16ccncc1,5852,9,
1826,C[C@@],5846,6,
1827,(C#,5843,3,
1828,)c1cccc,5843,7,
1829,C89=O,5838,5,
1830,N14CCOCC1,5830,9,
1831,(C)C)cc1,5828,8,
1832,C%12%13,5823,7,
1833,C%13=O,1625,6,
1834,c2ccc9,5807,6,
1835,%36%37,5803,6,
1836,(C(=O)O)c1,5800,10,
1837,Cl%11,5796,5,
1838,%30%31%32,2056,9,
1839,S4(=O)=O)cc1,5786,12,
1840,c14nc,5780,5,
1841,c(F)cccc1F,5776,10,
1842,c13cnc,5770,6,
1843,CCS,5762,3,
1844,[C@@H]%15,5759,9,
1845,O=C(O)c1,5752,8,
1846,c15nc2,5747,6,
1847,n1%10,5740,5,
1848,c23),5738,4,
1849,(S(N)(=O)=O)cc1,5738,15,
1850,C9#N,5730,4,
1851,c12cc,5728,5,
1852,C(=O)c2ccccc2C1=O,5727,17,
1853,c13s,5721,4,
1854,O[C@H]5,2438,7,
1855,C2=O),5719,5,
1856,(=O)=O),5713,7,
1857,CCN3CC1,5713,7,
1858,c1ccc(,5702,6,
1859,)cs1,5706,4,
1860,[I,101,2,
1861,C6C7,5703,4,
1862,C[C@]2,5700,6,
1863,COc1ccc(C4)cc1,5696,14,
1864,C6C(=O)N,5693,8,
1865,C\6,5692,3,
1866,Cc1ccco1,5683,8,
1867,c2ccc5,5678,6,
1868,CCC(=O)O,5677,8,
1869,c1ccccc15,5673,9,
1870,C%58,5669,4,
1871,[C@@H]5CC[C@]43,5668,15,
1872,S%10,5663,4,
1873,[C@@H]2CCCN2,5656,12,
1874,ccc1OC,5656,6,
1875,c(C(F)(F)F)c1,5655,13,
1876,6cc12,5655,5,
1877,N6C(=O)c1ccc,5645,12,
1878,c15cnc2,5639,7,
1879,/c(,5627,3,
1880,(C1)N2,5633,6,
1881,%41%42,5631,6,
1882,[C@H]%20%21%22,5629,14,
1883,6cn1,5615,4,
1884,N1%12,5611,5,
1885,c19ccc2,5610,7,
1886,[I-],5602,4,
1887,(S(C),2226,5,
1888,c14cn5,5597,6,
1889,c1cccs1,5595,7,
1890,Cc1ccc(C,5591,8,
1891,%74,5586,3,
1892,[C@H]%23,5581,8,
1893,cnc2c(N)ncnc21,5575,14,
1894,c14cccc2,5573,8,
1895,c16cccnc1,5570,9,
1896,(C)C1,5563,5,
1897,O=%19,5552,5,
1898,C%14=O,5540,6,
1899,C%17=O,1596,6,
1900,CN9,5537,3,
1901,c17c8,5537,5,
1902,c16ccc(N,5532,8,
1903,c1cc2,5528,5,
1904,C%11O,5519,5,
1905,/C1=,5515,4,
1906,CCCC6,5514,5,
1907,CCN4CC,5507,6,
1908,C=%14,5505,5,
1909,C2=C1,5496,5,
1910,[C@H]%17%18%19,5495,14,
1911,cc2n1,5495,5,
1912,N5c1,5495,4,
1913,C6C(=O)O,5494,8,
1914,C5C(=O)O,5493,8,
1915,c13cc2c(cc1,681,11,
1916,C%10(C)C,5489,8,
1917,ncc2c1,5483,6,
1918,Cc1ccc3,5482,7,
1919,nc2cc(Cl),812,9,
1920,OC4,5470,3,
1921,C5(C)(C)C,5470,9,
1922,Cc1ccc(Cl)cc1,5469,13,
1923,C%57,5467,4,
1924,c(OC),5465,5,
1925,C%17(=O)N,951,9,
1926,nc5n1,5449,5,
1927,COc1ccc(,5448,8,
1928,C5(N)=O,5440,7,
1929,ccccc2n1,5436,8,
1930,[C@H]%29,2328,8,
1931,C16CCCCC1,5426,9,
1932,C(=O)OCc1ccccc1,5422,15,
1933,c1ccc3,5421,6,
1934,C1=O),736,5,
1935,[C@H]%15%16%17,5420,14,
1936,C7N1,5418,4,
1937,ncc12,5416,5,
1938,(C=,5410,3,
1939,c16ccc(O,5406,8,
1940,)N5,5392,3,
1941,c4c5,5386,4,
1942,COc1cccc5c1,5382,11,
1943,%76,5374,3,
1944,c15cs,5372,5,
1945,CCN%10,5372,6,
1946,c(=O)n2,5372,7,
1947,C19CC1,5371,6,
1948,NC4,5370,3,
1949,N%22,5362,4,
1950,C9(=O),5362,6,
1951,O78,5357,3,
1952,c3ccccc,19,7,
1953,OCC,5342,3,
1954,c3ccccc3),5337,9,
1955,s1),5335,3,
1956,[N-],2122,4,
1957,%75,5334,3,
1958,c2c8,5324,4,
1959,OC3,5323,3,
1960,FC,403,2,
1961,S(=O)(=O)c1ccccc1,5320,17,
1962,[C@H]%16%17%18,5320,14,
1963,c15ccc(O,5308,8,
1964,N17CC,5306,5,
1965,c3cccc,5304,6,
1966,C7(N)=O,5303,7,
1967,cc2[nH]1,5302,8,
1968,c2cccc5,5302,7,
1969,NC=9,5299,4,
1970,N4c1,5289,4,
1971,O%24,5283,4,
1972,%28%29%30,1961,9,
1973,C%56,5276,4,
1974,[C@H]%31,2044,8,
1975,O[C@H]6,2211,7,
1976,O=%20,5274,5,
1977,c15ccc6cc1,5267,10,
1978,O=S,734,3,
1979,c16ccc(C,5246,8,
1980,[C@H]16CC,5244,9,
1981,C=6N7,5241,5,
1982,%77,5240,3,
1983,C%18=O,1418,6,
1984,COc1ccc4,5238,8,
1985,Cc1ncc,5238,6,
1986,C2)C1,5225,5,
1987,(F)c(Cl)c1,5219,10,
1988,sc3,5217,3,
1989,C[C@@H]3,5215,8,
1990,2)N,1386,3,
1991,c14ccc(O,5211,8,
1992,c13ncc,5208,6,
1993,c1ccc(C)cc1,5203,11,
1994,O45,5177,3,
1995,c14ccc5cc1,5172,10,
1996,Cc1cccnc1,5165,9,
1997,O%23,5162,4,
1998,C6(C)(C)C,5152,9,
1999,c%13,5147,4,
2000,ccnc2,5150,5,
2001,N4C(=O)c1ccc,5147,12,
2002,C[C@],5136,5,
2003,C%18(=O)N,716,9,
2004,c17cc2,5132,6,
2005,N5C6,5130,4,
2006,C%12(=O)O,5127,9,
2007,c=6,5127,3,
2008,c1cccc(C(F)(F)F)c1,5125,18,
2009,C[C@@H]9,5123,8,
2010,N15CCN(C,5119,8,
2011,CC=4,5119,4,
2012,[C@@H]346,5116,9,
2013,CCOCC2),5106,7,
2014,c14no,5105,5,
2015,(C(F)(F)F)C(F)(F)F,5104,18,
2016,C1%12,5100,5,
2017,N89,5094,3,
2018,c15nc,5093,5,
2019,%79,5093,3,
2020,c2cc6ccc21,5092,10,
2021,[C@@H]21,5085,8,
2022,[C@@H]%26,5082,9,
2023,S=6,5081,3,
2024,[C@H]%18%19%20,5078,14,
2025,S(=O)(=O)O,5077,10,
2026,CCS(=O)(=O),1877,11,
2027,CCC8CC1,5075,7,
2028,c7c8,5068,4,
2029,nc2cccc,5068,7,
2030,O=C3N1,5067,6,
2031,[C@H]56,5064,7,
2032,c2cccc6,5063,7,
2033,c15ccccn1,5048,9,
2034,C7=,5045,3,
2035,%80,5044,3,
2036,nc6n1,5042,5,
2037,c17ccc(O,5035,8,
2038,O[C@H]2,5032,7,
2039,N%21,5026,4,
2040,cc7c1,5026,5,
2041,nnn[nH]1,5026,8,
2042,(C2CC2),5026,7,
2043,C14CC1,5025,6,
2044,C2(=O)N,5022,7,
2045,COC5=O,5011,6,
2046,C#5,5011,3,
2047,[C@@H]2C1,5003,9,
2048,5cn1,4999,4,
2049,C3N4,4998,4,
2050,C[C@H]9,4997,7,
2051,c15cccs1,4996,8,
2052,c14cccnc1,4991,9,
2053,C23,4977,3,
2054,C%16(=O)N%17,4976,12,
2055,C(/,4969,3,
2056,[C@H]%33,4962,8,
2057,S=4,4955,3,
2058,c1ccc9cc1,4944,9,
2059,C5O6,4942,4,
2060,CC3),4942,4,
2061,c14ccc(C(=O)N,4940,13,
2062,=C1\,4932,4,
2063,C=C/,4916,4,
2064,[C@H]%19%20%21,4920,14,
2065,N3C(=O)C4,4919,9,
2066,FC(F)(F),4917,8,
2067,C=C5,4915,4,
2068,C%12(=O)N%13,4900,12,
2069,CC[C@H]5,4899,8,
2070,[C@H]%9,4899,7,
2071,C6CO,4899,4,
2072,c(O,4895,3,
2073,Cc1noc(C),4895,9,
2074,c2c(=O),4894,7,
2075,nc1N,4894,4,
2076,c1cccc2ccccc12,4893,14,
2077,C6N7,4890,4,
2078,C%10(F)(F)F,4888,11,
2079,S4(=O)(=O)N1,4885,12,
2080,c1ccc(F)cc1F,4883,12,
2081,C(=O)OC,4880,7,
2082,C%19(=O)N,619,9,
2083,C%10c1ccccc1,4876,12,
2084,C%15(=O)N%16,4876,12,
2085,)n1,4875,3,
2086,cc1Cl,4875,5,
2087,CCCCC3,4861,6,
2088,c2cccnc2,4857,8,
2089,c14ccncc1,4854,9,
2090,2)cc1,4839,5,
2091,COCCOCCO,4835,8,
2092,C%24=O,4832,6,
2093,C14CCCCC1,4829,9,
2094,C2=7,4823,4,
2095,N\4=C/,4822,6,
2096,C3C4,4819,4,
2097,c13cc2c(cc14),4811,13,
2098,CC[C@H]3,4808,8,
2099,C/C(=C\,4803,7,
2100,%44%45,4803,6,
2101,nc(N)n1,4803,7,
2102,c18ccc(Cl)cc1,4801,13,
2103,(F)F),4800,5,
2104,c14cc2c(cc15),4796,13,
2105,N16C=7,4778,6,
2106,nnc2,4775,4,
2107,[nH]c5,4773,6,
2108,C16=N,4768,5,
2109,N=C(N)N,4767,7,
2110,C1=%11,4766,6,
2111,C=CC3,4763,5,
2112,[C@H]3CC[C@]12,4763,14,
2113,C(=N/,1713,5,
2114,[P,4755,2,
2115,C#2,4755,3,
2116,sc12,4754,4,
2117,CC[C@@H]12,4750,10,
2118,c2ccc3c(,1705,8,
2119,c2ccc4cc2,4745,9,
2120,c15s,4744,4,
2121,c=7,4733,3,
2122,CCN9CC1,4730,7,
2123,c1%15,4721,5,
2124,)c12,1528,4,
2125,c2c(nc3,4717,7,
2126,S5(=O)(=O)N1,4716,12,
2127,ncnc2c1ncn2,4713,11,
2128,c2c(c1),4712,7,
2129,C%20=O,1125,6,
2130,N=C5,4709,4,
2131,C5=N,4704,4,
2132,c15),4702,4,
2133,c1cccc8c1,4700,9,
2134,(F)cc(F)c1,4697,10,
2135,S6(=O)(=O)c1ccc,4694,15,
2136,(C1CCC(=O)N,6,11,
2137,)N7,4689,3,
2138,NC=%10,4688,6,
2139,S34(=O)=O,4687,9,
2140,(C1CCC(=O)NC1=O),100,16,
2141,COc1ccc6cc1,4683,11,
2142,C=%15,4682,5,
2143,O=C(O)C(=O)O,4678,12,
2144,C(=O)C5,4671,7,
2145,[C@H]1%14,4671,9,
2146,%81,4669,3,
2147,=%10,4668,4,
2148,nc2cc(Cl)ccc12,4668,14,
2149,c2nc7,4667,5,
2150,c14ccc(C,4666,8,
2151,ccc18,4648,5,
2152,C%60,4644,4,
2153,[N+]1,4634,5,
2154,N17CCC,4634,6,
2155,N%23,4629,4,
2156,[nH]c12,4627,7,
2157,CC(O),4621,5,
2158,C7(=O)N1,4619,8,
2159,CCCCCCCC3,4611,9,
2160,c2nc5,4603,5,
2161,C=5N6,4603,5,
2162,c17ncc,4601,6,
2163,[C@H]%21,4598,8,
2164,N9C(=O),4598,7,
2165,n2),4592,3,
2166,c15no,4589,5,
2167,N18CCOCC1,4584,9,
2168,(C1CCC(=O)NC1=O)C2=O,948,20,
2169,[C@@H]6C1,4583,9,
2170,C[C@H]17,4580,8,
2171,CCN(C)C,4579,7,
2172,O=C(N2),4578,7,
2173,CCCCN1,4574,6,
2174,e],1035,2,
2175,[N+]8,651,5,
2176,[C@H]%11%12,4569,11,
2177,c13cc2,4568,6,
2178,OC1,4567,3,
2179,7cc12,4565,5,
2180,C2=6,4561,4,
2181,N%35,4559,4,
2182,C7(C)(C)C,4559,9,
2183,C3CN,4556,4,
2184,(Br)c1,4552,6,
2185,C4O5,4551,4,
2186,c1ccc(C(F)(F)F)cc1,4545,18,
2187,c16ccccn1,4544,9,
2188,[Si,70,3,
2189,c15cn6,4542,6,
2190,C%59,4530,4,
2191,cc(C(=O)N,4528,9,
2192,Cc1nc3,4525,6,
2193,C4)cc1,4519,6,
2194,C%25=O,4519,6,
2195,O=S(=O),4519,7,
2196,N\3=C/,4515,6,
2197,)OCO3,4513,5,
2198,CC(C)C4,4511,7,
2199,(C4,4509,3,
2200,N\5,4507,3,
2201,C5=O)cc1,4505,8,
2202,CCCC1=O,4504,7,
2203,[C@@H]1CCC,4503,10,
2204,C%17(=O)N%18,4503,12,
2205,CC[C@@]4,4497,8,
2206,%82,4492,3,
2207,Cc1o,4483,4,
2208,[C@@H]%17,4482,9,
2209,c2cc3c(cc2,4476,10,
2210,[C@H]%14%15%16,4476,14,
2211,[Si],4474,4,
2212,Cc1cccc3c1,4469,10,
2213,c14cccs1,4460,8,
2214,S6(=O)(=O)N,4459,11,
2215,C5)cc1,4457,6,
2216,6)n1,4452,4,
2217,C5C(C)C,4451,7,
2218,CCN(CC),4450,7,
2219,ccccc23),4448,8,
2220,C7C(=O)O,4443,8,
2221,CCC%10,4440,6,
2222,c1ccc(OC)cc1,4438,12,
2223,c1%10cccc,4436,9,
2224,c1nccs1,4436,7,
2225,O=%21,4434,5,
2226,oc12,4431,4,
2227,[nH]c2ccc,4428,9,
2228,Cc1nc4,4428,6,
2229,c1ccc(Cl)cc1Cl,4424,14,
2230,C%18(=O)N%19,4417,12,
2231,[C@H](CC,4410,8,
2232,([N+](=O)[O-])c1,4410,16,
2233,C%21(=O)N,443,9,
2234,[C@H]%12%13%14,4408,14,
2235,CC/,4406,3,
2236,C%19=O,1351,6,
2237,c15c[nH],4404,8,
2238,5n1,4403,3,
2239,CNC3=O,4403,6,
2240,c8n1,4398,4,
2241,C7C8,4396,4,
2242,%10c1,4395,5,
2243,C6C(C)C,4381,7,
2244,[C@H]%21%22%23,4380,14,
2245,O=S3,4378,4,
2246,COc1ccc(/C=C/,4378,13,
2247,[C@H]23,4376,7,
2248,S5(=O)=O)cc1,4376,12,
2249,ccc9,4372,4,
2250,NC=4,4372,4,
2251,c16ccc7cc1,4368,10,
2252,n15c6,4367,5,
2253,c14nn5,4364,6,
2254,c16cnc2,4355,7,
2255,c17ccc2c(c1),4355,12,
2256,c16),4350,4,
2257,c16cccc2,4349,8,
2258,c14cccc2c1,4348,10,
2259,c13ccc(Cl)cc1,4348,13,
2260,NC3,4344,3,
2261,cnc3,4342,4,
2262,S78,4332,3,
2263,C\5=C/,4332,6,
2264,N15C(=O),4327,8,
2265,CCC2(,4327,5,
2266,c2ccccc2-,4326,9,
2267,c1%10cc,4326,7,
2268,COc1cc(/C=C/,4326,12,
2269,[C@@H]1%13,4325,10,
2270,[2,13,2,
2271,7cn1,4319,4,
2272,cnc1,4319,4,
2273,CCCCCCCC2,4319,9,
2274,[C@H]17CC,4315,9,
2275,[C@H]6CC1,455,9,
2276,nc2ccc6,4311,7,
2277,C(=O)c1ccc3cc1,4310,14,
2278,noc1C,4309,5,
2279,CN5C,4309,4,
2280,C%14(=O)N%15,4309,12,
2281,[2H],4309,4,
2282,COC2=O,4306,6,
2283,Br9,4304,3,
2284,C=%16,4303,5,
2285,O=C(O)C3,4295,8,
2286,)c(F)c1,4291,7,
2287,Cc1cc2,4289,6,
2288,OC5,4288,3,
2289,C4C(=O)O,4280,8,
2290,[C@H]15O,4277,8,
2291,C8(N)=O,4268,7,
2292,[C@@H]%15%16%17,4266,15,
2293,CN1CCOCC1,4263,9,
2294,Cc1cc6,4260,6,
2295,C%19(=O)N%20,4258,12,
2296,O[C@H]7,4254,7,
2297,NS(=O)(=O)c1ccc,4253,15,
2298,c2ccccc2o1,4253,10,
2299,n(C)n1,4251,6,
2300,%32%33%34,4251,9,
2301,CN1CCN4CC1,4250,10,
2302,c2o,4249,3,
2303,%83,4247,3,
2304,cc4c1,4247,5,
2305,O%26,4239,4,
2306,C)cc1,4237,5,
2307,c16cccs1,4236,8,
2308,9)cc1,4229,5,
2309,N13C(=O),4229,8,
2310,CC(C)O,4228,6,
2311,CC%11,4226,5,
2312,C6CN,4225,4,
2313,%84,4219,3,
2314,nc2cc7,4218,6,
2315,c14ccccn1,4215,9,
2316,O=C6,4212,4,
2317,nc7n1,4212,5,
2318,nc4n1,4210,5,
2319,(-n2,4206,4,
2320,[C@@H]%17%18%19,4200,15,
2321,Cl2,4199,3,
2322,c2ccc(Cl),4192,9,
2323,c15c(C),4191,7,
2324,%11),4189,4,
2325,4O,4187,2,
2326,n2)CC1,4187,6,
2327,N%12C%13=O,4187,10,
2328,N%26,4186,4,
2329,P2,4182,2,
2330,O%25,4178,4,
2331,=3,4169,2,
2332,c1ccc(C4)cc1,4163,12,
2333,nc2s,4162,4,
2334,c13cccc2c1,4161,10,
2335,cc15,4158,4,
2336,(-c2ccccc2)c1,4155,13,
2337,2)c1,4151,4,
2338,C%62,4150,4,
2339,c1ccc6,4149,6,
2340,C3(F)(F)F,4149,9,
2341,O%11C,4146,5,
2342,(CC)CC,4145,6,
2343,6=O)CC1,4127,7,
2344,cc2c(n1),4127,8,
2345,COc1ccccc14,4124,11,
2346,C8C,4123,3,
2347,c13nnc4,4120,7,
2348,N%15C%16=O,4117,10,
2349,CN1CCN5CC1,4113,10,
2350,[nH]c4,4111,6,
2351,[C@H]%35,4109,8,
2352,[C@]145,4106,7,
2353,C%20(=O)N,592,9,
2354,C=7N8,4097,5,
2355,[C@@]145,4093,8,
2356,c1cc9,4090,5,
2357,cc(C)c(=O)[nH]c1=O,4087,18,
2358,C%24(=O)N,4086,9,
2359,7C1,4085,3,
2360,(CCC,4078,4,
2361,CCc2ccccc21,4082,11,
2362,C4(C)(C)C,4082,9,
2363,5cc12,4081,5,
2364,c15cnc6,4079,7,
2365,cnn12,4066,5,
2366,%85,4064,3,
2367,c2ccccc2c1,4060,10,
2368,Cc1ccc(O,4058,8,
2369,C%(11,4054,5,
2370,C2=8,4053,4,
2371,C%23=O,4052,6,
2372,N3C4,4051,4,
2373,[C@H]%37,4049,8,
2374,(=O)=O)c1,4048,9,
2375,C%21=O,4047,6,
2376,c14cc2c(,4046,8,
2377,NC=%11,4038,6,
2378,c15cccc(Cl)c1,4038,13,
2379,OCO2,4036,4,
2380,[C@]125,4036,7,
2381,C[C@@H]12,4034,9,
2382,Cc1ccccc14,4031,10,
2383,C%61,4031,4,
2384,cc16,4029,4,
2385,N%27,4027,4,
2386,[C@H]1%15,4024,9,
2387,(N5),4022,4,
2388,(c2ccccc2),4018,10,
2389,2)C1,4015,4,
2390,(O)CC1,4014,6,
2391,(C)N,4010,4,
2392,Cc1ccc(C),4010,9,
2393,nc(N5),4010,6,
2394,C6C1,4009,4,
2395,[C@H]%40,4008,8,
2396,4n1,4006,3,
2397,N2C(=O),4003,7,
2398,C17=,4003,4,
2399,[C@H]%25,3998,8,
2400,c2)CC1,3996,6,
2401,C%11(C)C,3995,8,
2402,c14cnc5,3993,7,
2403,O=S4,3987,4,
2404,cc14,3985,4,
2405,C[C@H]%10,3983,9,
2406,CC15,3978,4,
2407,c4ccccc4,3977,8,
2408,C6O7,3975,4,
2409,CC=8,3975,4,
2410,Cc1nc,3974,5,
2411,(C(F)(F)F)cc(C(F)(F)F)c1,3974,24,
2412,(C)cc1C,3973,7,
2413,O=%22,3970,5,
2414,C\4=C/,3969,6,
2415,CC[C@@]3,3967,8,
2416,C#6,3966,3,
2417,C=6N,3966,4,
2418,C%21(=O)N%22,3966,12,
2419,C3(C)C,3963,6,
2420,CS(=O)(=O)N,3963,11,
2421,P4,3962,2,
2422,c2c(n1),3960,7,
2423,Cc1ccc5,3959,7,
2424,Cc1ccc7cc1,3959,10,
2425,CC=C4,3954,5,
2426,[C@H](C,3945,7,
2427,N%16C%17=O,3943,10,
2428,c14cnc2,3942,7,
2429,S4(=O)(=O)N5,3941,12,
2430,[C@@H]%19,3940,9,
2431,CC1=O,3940,5,
2432,S67(=O)=O,3938,9,
2433,N4(C),3937,5,
2434,%48%49,3937,6,
2435,c1%11ccccc1,3936,11,
2436,c2cc4ccc2,3936,9,
2437,Cc2ccccc2C1,3935,11,
2438,C%12O,3934,5,
2439,c16c(C),3928,7,
2440,N14CCN(C5,3928,9,
2441,c(N)n1,3927,6,
2442,N4C(=O)N5,3926,9,
2443,C(=S)N,3926,6,
2444,c2cc1OC,3925,7,
2445,C=N,3924,3,
2446,%87,3923,3,
2447,c14c[nH],3920,8,
2448,C16CCCC1,3919,8,
2449,[N+]8(=O)[O-],3919,13,
2450,c16cccc(Cl)c1,3917,13,
2451,c1%12ccc,3916,8,
2452,C%13%14,3910,7,
2453,CC1=,3908,4,
2454,c1ccc(F),3905,8,
2455,CCCNC1,3900,6,
2456,cc1F,3896,4,
2457,C2CCC1,3894,6,
2458,CC6=O,3894,5,
2459,%13%15,3893,6,
2460,C5n1,3890,4,
2461,%86,3890,3,
2462,n16cc7,3886,6,
2463,[C@@H]%16%17%18,3883,15,
2464,(Cl)cn1,3879,7,
2465,(CC1),3879,5,
2466,[C@@H]%18%19%20,3873,15,
2467,c18cnc,3872,6,
2468,c2cccc7,3869,7,
2469,CCOCC2)cc1,3866,10,
2470,[nH]c2,3864,6,
2471,C1%10CC1,3864,8,
2472,%39%40,3863,6,
2473,[C@H]15CC[C@H]6CC1,3858,18,
2474,nc%11,3857,5,
2475,ccn2,3854,4,
2476,[C@@H]1%14,3854,10,
2477,C17CCCCC1,3854,9,
2478,nn7,3852,3,
2479,[C@@H]%14%15%16,3850,15,
2480,c4c(,3849,4,
2481,N%24,3847,4,
2482,CCc2ccccc2C1,3847,12,
2483,C3C,3838,3,
2484,C8(C)(C)C,3838,9,
2485,CS2,3837,3,
2486,cnnn1,3836,5,
2487,cccc3,3835,5,
2488,C7C(C)C,3834,7,
2489,C%22(=O)N,427,9,
2490,c16nc,3833,5,
2491,[C@@]156,3833,8,
2492,Cn1cc5,3833,6,
2493,8)c1,3828,4,
2494,C\7,3828,3,
2495,O=C(C2)N,3827,8,
2496,C178,3826,4,
2497,c19ccc(F)cc1,3822,12,
2498,c1ccc(Br)cc1,3821,12,
2499,N%17C%18=O,3821,10,
2500,C8=,3820,3,
2501,c2ncccc12,3820,9,
2502,n9,3819,2,
2503,[C@H]%27%28%29,3816,14,
2504,c15ccco1,3815,8,
2505,C%26(=O)N,725,9,
2506,c15ccc(C(=O)N,3807,13,
2507,CCc1,3804,4,
2508,[C@@H]67,3799,8,
2509,CC14,3794,4,
2510,c17ccncc1,3794,9,
2511,c2ccc7cc21,3789,10,
2512,C1/,3787,3,
2513,c2ccc6cc21,3787,10,
2514,C9%10=O,3784,7,
2515,CC[C@H]9,3783,8,
2516,N7C(=O)c1ccc,3780,12,
2517,c19cn,3779,5,
2518,c(n1),3776,5,
2519,NC=%15,3775,6,
2520,8)CC1,3771,5,
2521,nc2c7,3763,5,
2522,nccn1,3762,5,
2523,C15CCCC1,3761,8,
2524,cc8c1,3759,5,
2525,nc2[nH],3752,7,
2526,n(C,3751,3,
2527,nc18,3750,4,
2528,cc%12,3749,5,
2529,%25%26%27,3749,9,
2530,O89,3748,3,
2531,c17cccnc1,3745,9,
2532,CC(=O)O5,3745,8,
2533,(NC4,3740,4,
2534,N15CCN6CC1,3738,10,
2535,c15ccc(C(F)(F)F)cc1,3738,19,
2536,C4C5=O,3737,6,
2537,[C@H]%30%31%32,3733,14,
2538,cc2)CC1,3733,7,
2539,CN%10,3732,5,
2540,NC=%13,3729,6,
2541,Cc1ccccn1,3729,9,
2542,CCCCCC,3728,6,
2543,N6C7,3727,4,
2544,)O2,3722,3,
2545,O=C(C4)N,3716,8,
2546,c1cs,3710,4,
2547,sc2,3709,3,
2548,COc1ccc(OC),3709,11,
2549,cc2C1,3708,5,
2550,C%14%15,3708,7,
2551,c2c(N)ncnc21,3707,12,
2552,O3C,3705,3,
2553,[C@@H]%12%13%14,3704,15,
2554,c2cc7ccc21,3704,10,
2555,)N6,3702,3,
2556,N%36,3702,4,
2557,=[N+],3701,5,
2558,[C@H](,3699,6,
2559,C=C6,3696,4,
2560,S23,3692,3,
2561,c13cn4,3691,6,
2562,(=O)(=O)[O-],3690,12,
2563,%88,3690,3,
2564,C4NC5=O,3688,7,
2565,[C@@H]%11%12,3684,12,
2566,[C@@H]%29,3684,9,
2567,c15ccc2nc6,3683,10,
2568,C3C(=O)O,3681,8,
2569,[C@@H]7C1,3681,9,
2570,S7(=O)=O,3676,8,
2571,CCNC(=O),3673,8,
2572,C%10#N,3671,6,
2573,[C@H]6C1,3668,8,
2574,NCC,3667,3,
2575,c14c(C),3665,7,
2576,n14nc5,3665,6,
2577,C%63,3665,4,
2578,C2=N,3661,4,
2579,C[C@@H]%10,3655,10,
2580,C5CO,3654,4,
2581,c16ccc2c(c1)OCO2,3654,16,
2582,cc2c1=O,3653,7,
2583,c16ccco1,3651,8,
2584,Cc1cccc6c1,3650,10,
2585,c15cccc2c1,3648,10,
2586,N1CCOCC1,3647,8,
2587,N5(C)C,3646,6,
2588,N5C(=O)N6,3642,9,
2589,c9c1,3642,4,
2590,C(N),3641,4,
2591,=O)C1,3640,5,
2592,(O)C1,3639,5,
2593,[nH]c2ccccc12,3638,13,
2594,Cc1ccccc12,3637,10,
2595,C(=O)N(C1CCC(=O)NC1=O)C2=O,3636,26,
2596,[C@]156,3636,7,
2597,ncnn12,3633,6,
2598,C21,3628,3,
2599,C5Cc1ccccc1,3626,11,
2600,c15cc(C),3626,8,
2601,ncnc2[nH],3625,9,
2602,c16nnc7,3625,7,
2603,C1CCC1,3624,6,
2604,[C@H]1%16,3624,9,
2605,c1ccc2c(c1)OCO2,3623,15,
2606,C=CC4,3622,5,
2607,N%29,3621,4,
2608,cc17,3621,4,
2609,C6C(=O)N7,3621,9,
2610,C%29(=O)N,368,9,
2611,C2),3617,3,
2612,c1ccccc1),3614,9,
2613,C2O,3613,3,
2614,C%23(=O)N,3613,9,
2615,c2c4,3611,4,
2616,C7CO,3611,4,
2617,[C@H]346,3610,8,
2618,O=%23,3609,5,
2619,C(=O)Nc1ccccc1,3608,14,
2620,NC(=O)C4,3607,8,
2621,N6(C)C,3606,6,
2622,c%14,3601,4,
2623,C8C(=O)O,3603,8,
2624,c(C)n1,3597,6,
2625,cc2ccccc2o1,3597,11,
2626,C(\C),3597,5,
2627,C5=O),3595,5,
2628,Nc1ncc,3591,6,
2629,c13nc,3591,5,
2630,COCC4,3589,5,
2631,C(=O)NC1=O,3589,10,
2632,N%19C%20=O,3586,10,
2633,S3(=O)=O)cc1,3584,12,
2634,c2cc5ccc21,3582,10,
2635,COc1ncc,3581,7,
2636,N%28,3576,4,
2637,C(=O)N9,3573,7,
2638,c2cc7ccc2,3573,9,
2639,N1%13,3566,5,
2640,Cc1cccc(C),3564,10,
2641,C%66,3563,4,
2642,C%22=O,3563,6,
2643,(-c2ccc,3560,7,
2644,c18ccc9,3559,7,
2645,c2c(N),3555,6,
2646,CC(=O)O4,3552,8,
2647,c13ccc(C(=O)N,3552,13,
2648,c2cc%10,3550,7,
2649,N16CCN(C,3535,8,
2650,[Se],3535,4,
2651,C5(=O)NCC6,3533,10,
2652,%89,3532,3,
2653,C5NC6=O,3532,7,
2654,c12cccc,3531,7,
2655,c19cc%10,3531,8,
2656,c3ccc6,3528,6,
2657,C%65,3525,4,
2658,C=O,3524,3,
2659,N%25,3523,4,
2660,CCNC1,3519,5,
2661,C#7,3519,3,
2662,S=7,3519,3,
2663,C1CCOCC1,3518,8,
2664,COc1ccc(C5)cc1,3518,14,
2665,N=4,3517,3,
2666,O8C(C)=O,3513,8,
2667,/C=N/,3510,5,
2668,C=7N2,3510,5,
2669,c14cc(=O),3510,9,
2670,C%20(=O)N%21,3508,12,
2671,c=8,3506,3,
2672,P3,3502,2,
2673,N4S5(=O)=O,3501,10,
2674,S5(C)(=O)=O,3499,11,
2675,O=C(O)C4,3499,8,
2676,N15CCCC1,3498,8,
2677,(C6,3496,3,
2678,C=6N2,3496,5,
2679,c15ccc2[nH],3496,11,
2680,CCCCN2,3494,6,
2681,F%13,3490,4,
2682,ccc(=O)[nH]c1=O,3490,15,
2683,(C3,3489,3,
2684,S%11,3488,4,
2685,C[C@H]18,3486,8,
2686,c1ccc(/C=C/,3484,11,
2687,C15CCN(C,3483,8,
2688,O7C(C)=O,3479,8,
2689,/C(=N\,3478,6,
2690,C=7N,3478,4,
2691,COC4,3477,4,
2692,c[nH]1,3473,6,
2693,C%11c1ccccc1,3472,12,
2694,C%25(=O)N,3466,9,
2695,N=3,3462,3,
2696,[C@@H]347,3462,9,
2697,(S(=O)(=O)N2,3460,12,
2698,Cl%12,3453,5,
2699,c18nc9,3453,6,
2700,S6(C)(=O)=O,3452,11,
2701,O[C@H]4,3443,7,
2702,N=C(N),3446,6,
2703,C%64,3445,4,
2704,c2nn,3442,4,
2705,c1c6,3440,4,
2706,(CN2,3440,4,
2707,c15ccc2c(c1)OCO2,3432,16,
2708,[C@@H]%23,3431,9,
2709,c15cc2c(cc1,3429,11,
2710,C9N,3429,3,
2711,C34=O,3429,5,
2712,%51%52,3428,6,
2713,[C@@H]2CC[C@]2,3427,14,
2714,C4(=O)C5,3426,8,
2715,Cn1cc4,3424,6,
2716,(C)C),3423,5,
2717,NC=%12,3422,6,
2718,%38%39%40,3419,9,
2719,C4C(C)C,3412,7,
2720,C%22(=O)N%23,3407,12,
2721,c1%16,3406,5,
2722,([N+](=O)[O-]),3405,14,
2723,c1ccccc16,3403,9,
2724,O=c1[nH],3403,8,
2725,n15nc6,3401,6,
2726,O=C(C4),3401,7,
2727,N6c1,3400,4,
2728,CC(=O)N7,3400,8,
2729,COc1ccc(C(=O)N,3396,14,
2730,C8C(C)C,3394,7,
2731,NC5=O,3390,5,
2732,CCN(S,3386,5,
2733,(N4),3384,4,
2734,[C@H]%23%24,3382,11,
2735,C4n1,3382,4,
2736,=N2,3382,3,
2737,CC2CCC,3382,6,
2738,8cc12,3377,5,
2739,C%27(=O)N,3377,9,
2740,(S(C)(=O)=O)cc1,3376,15,
2741,c1ccc([N+](=O)[O-])cc1,3375,22,
2742,c16c[nH],3375,8,
2743,%91,3373,3,
2744,O5C6,3372,4,
2745,C12=,3365,4,
2746,COC2,3362,4,
2747,NC(=O)C3,3361,8,
2748,nc(N2,3360,5,
2749,N13CCC,3359,6,
2750,c13ccc(F)cc1,3359,12,
2751,NC1=O,3358,5,
2752,6n1,3356,3,
2753,COc1cc4cc(OC)c1OC,3351,17,
2754,N=C4,3350,4,
2755,C%12c1ccccc1,3349,12,
2756,CC[C@]5,3349,7,
2757,%90,3348,3,
2758,c14cccc(Cl)c1,3346,13,
2759,(C7),3343,4,
2760,c17ccc(N,3343,8,
2761,C17CCCC1,3343,8,
2762,C9(N)=O,3342,7,
2763,[C@@H]%31,3340,9,
2764,COc1cccc(C,3338,10,
2765,CCC/,3333,4,
2766,CCOC5=O,3333,7,
2767,C%10(=O),3327,8,
2768,N6C(=O)C7,3327,9,
2769,c2ccccc2O1,3324,10,
2770,c13cs,3323,5,
2771,[C@H]%28%29%30,3322,14,
2772,Cc1ccncc1,3316,9,
2773,c1ccc(C5)cc1,3316,12,
2774,c14[nH],3315,7,
2775,CCN1CCCCC1,3310,10,
2776,C%32(=O)N,3309,9,
2777,C%13(=O)N%14,3309,12,
2778,%12),3304,4,
2779,cn12,3305,4,
2780,[C@@H]4[C@@]5,3305,13,
2781,(C(N)=O),3303,8,
2782,CS4(=O)=O,3301,9,
2783,COCC3,3301,5,
2784,[C@H]67,3301,7,
2785,NC=%14,3300,6,
2786,[C@H]14O,3300,8,
2787,c1ccc(Cl)c(Cl)c1,3299,16,
2788,CCO6,3298,4,
2789,O%27,3297,4,
2790,CC1CCCO1,3297,8,
2791,c2cccnc21,3297,9,
2792,nn1-c1ccccc1,3297,12,
2793,c16ccc(C(=O)N,3295,13,
2794,CC1CCCCC1,3293,9,
2795,CCCN1CCOCC1,3292,11,
2796,C[C@@]1,3289,7,
2797,C2=5,3288,4,
2798,c16ccccc1Cl,3287,11,
2799,Cc1cccs1,3286,8,
2800,(OCc2ccccc2)cc1,3285,15,
2801,c16no,3284,5,
2802,[C@H]%22%23%24,3284,14,
2803,[C@@H]14O[C@H]5,3281,15,
2804,[C@@H]7[C@H]8,3280,13,
2805,c14ccc2nc5,3280,10,
2806,c17ccccn1,3280,9,
2807,c2ccc%10,3279,8,
2808,O[C@H]1,3278,7,
2809,CC12,3278,4,
2810,c16ccc(C(F)(F)F)cc1,3278,19,
2811,[C@H]%43,3272,8,
2812,O=[N+],3271,6,
2813,ccc(N)nc1,37,9,
2814,C5C(=O)N1,3269,9,
2815,c3cc6,3262,5,
2816,7)n1,3261,4,
2817,ncnc2[nH]ccc12,3260,14,
2818,C%26=O,3259,6,
2819,c19n,3258,4,
2820,C%29(=O)N%30,3253,12,
2821,C%67,3250,4,
2822,co1,3241,3,
2823,c1c5,3233,4,
2824,ccc(N)nc1=O,3233,11,
2825,[C@H]%31%32%33,3232,14,
2826,c1ccc(-c2ccccc2)cc1,3231,19,
2827,nc2ccc4,3230,7,
2828,[C@H]%26%27%28,3230,14,
2829,(N2CCN,3229,6,
2830,[C@@H]%20%21%22,3228,15,
2831,COC3,3226,4,
2832,CO7,3224,3,
2833,N5(C),3224,5,
2834,C126,3222,4,
2835,CN(,3221,3,
2836,P5,3220,2,
2837,COc1ccc5cc1OC,3219,13,
2838,c13ccc(O,3218,8,
2839,S3(=O)(=O)c1ccc,3218,15,
2840,=%11,3213,4,
2841,=[N-],3212,5,
2842,C[C@@H]17,3212,9,
2843,c13ccc4cc1,3210,10,
2844,c16ccc2[nH],3210,11,
2845,ccc5n1,3210,6,
2846,CC2)C1,3208,6,
2847,CCCCN3,3207,6,
2848,n13cc4,3204,6,
2849,cc(O),3201,5,
2850,c4c15,3201,5,
2851,COc1cccc3c1,3201,11,
2852,c(C(=O)O),3200,9,
2853,(Cl)cc1Cl,3200,9,
2854,CCS(=O)(=O)C1,3200,13,
2855,C5c1ccc6cc1,3198,11,
2856,c15nnc6o1,3196,9,
2857,C4CN5,3195,5,
2858,c15ccccc1Cl,3194,11,
2859,/C=C/c1ccccc1,3192,13,
2860,[C@@H]3%14%25,3192,13,
2861,nc(N)c12,3191,8,
2862,C3CN4,3190,5,
2863,C4CC,3188,4,
2864,O=C6N,3185,5,
2865,O6C(C)=O,3182,8,
2866,C=%17,3179,5,
2867,CNC5=O,3179,6,
2868,c16cs,3179,5,
2869,C[C@@H]16,3177,9,
2870,CC2CCC1,3175,7,
2871,O9C(C)=O,3174,8,
2872,c17cccc(Cl)c1,3174,13,
2873,C4),3172,3,
2874,C4CC5,3170,5,
2875,C2=O)cc1,3170,8,
2876,[C@@H]2%13%24,3170,13,
2877,c=5,3169,3,
2878,N\2,3168,3,
2879,I5,3167,2,
2880,c17cccc2,3167,8,
2881,(N)=O),3162,6,
2882,n14c(=O),3161,8,
2883,Nc1n,3159,4,
2884,C2(=O)O,3159,7,
2885,S3(=O)(=O)N4,3159,12,
2886,%92,3157,3,
2887,C7C(=O)N,3156,8,
2888,C2=C(,3156,5,
2889,C[C@H]16,3154,8,
2890,c15ccc(O)cc1,3154,12,
2891,C1=4N,3154,5,
2892,%43%44,3148,6,
2893,n(n1),3148,5,
2894,ncc7,3146,4,
2895,C123,3138,4,
2896,C=CC,3135,4,
2897,c13cc2c(,3135,8,
2898,[C@@H]8[C@H]9,3135,13,
2899,CCC(=O)N1,3133,9,
2900,C[C@H]%11,3132,9,
2901,N=5,3132,3,
2902,Cc2c(,3129,5,
2903,N5C(=O)N,3128,8,
2904,O=%24,3127,5,
2905,C8N1,3127,4,
2906,[C@@H]1%15,3127,10,
2907,N14CCCC1,3125,8,
2908,[C@@H]6[C@H]7,3124,13,
2909,C%13O,3123,5,
2910,(C(F)(F)F)n1,3121,12,
2911,(C)cn1,3120,6,
2912,CC4O,3118,4,
2913,Br2,3113,3,
2914,C%30(=O)N,3113,9,
2915,O4CC5,3112,5,
2916,NC=%16,3111,6,
2917,%56%57,3110,6,
2918,c15nn6,3107,6,
2919,O=[N+]3,0,7,
2920,O=[N+]3[O-],3106,11,
2921,C%28(=O)N,3105,9,
2922,[C@H]%29%30%31,3104,14,
2923,COc1cc2c(cc1,3100,12,
2924,C5),3099,3,
2925,O=C(O,3098,5,
2926,c14ccco1,3098,8,
2927,C(=O)C6,3096,7,
2928,N%14C%15=O,3096,10,
2929,c15cn2,3094,6,
2930,Cc1cs,3094,5,
2931,N16CCCC1,3093,8,
2932,N#Cc1ccc4cc1,3093,12,
2933,sc2n1,3089,5,
2934,%11cc1,3088,6,
2935,C%26(=O)N%27,3084,12,
2936,C%27=O,3078,6,
2937,C6c1ccc(F)cc1,3077,13,
2938,C2C3,3076,4,
2939,c2c1),3073,5,
2940,[C@@H]%19%20%21,3071,15,
2941,CCC[C@H]2,3071,9,
2942,N=C6,3070,4,
2943,[C@@H]15O[C@H]6,3064,15,
2944,c[n+],3063,5,
2945,[C@H]8[C@@H]9,3063,13,
2946,CCNC4=O,3060,7,
2947,c17c(C),3058,7,
2948,C6)cc1,3057,6,
2949,N15C[C@H]6,3056,10,
2950,S6(=O)(=O)N1,3056,12,
2951,N%18C%19=O,3056,10,
2952,C5c1ccc(F)cc1,3055,13,
2953,N13CCOCC1,3054,9,
2954,C%68,3052,4,
2955,c1ccc8,3047,6,
2956,c13no,3047,5,
2957,O%29,3046,4,
2958,/C(=N/,3045,6,
2959,C%70,3045,4,
2960,CCN6C1,3044,6,
2961,C%72,3044,4,
2962,C4(=O)NCC5,3043,10,
2963,C%28=O,3042,6,
2964,)nn1,3040,4,
2965,c2ccc3c(c2,3040,10,
2966,CCOC2=O,3037,7,
2967,nc2ccc7,3037,7,
2968,S7(=O)(=O)c1ccc,3035,15,
2969,[C@@H]%24%35,3035,12,
2970,O=C5O,3033,5,
2971,C4(N)=O,3033,7,
2972,c12),3033,4,
2973,C125,3033,4,
2974,C124,3032,4,
2975,C8(=O)N1,3031,8,
2976,Cn1cc,3030,5,
2977,CCN(C4,3029,6,
2978,[C@H]%(10,3028,9,
2979,Cc1cnc,3025,6,
2980,C[C@@H]18,3025,9,
2981,c18c9,3024,5,
2982,S7(C)(=O)=O,3022,11,
2983,[C@@H]1%16,3020,10,
2984,C14CCCC1,3020,8,
2985,N4C(=O)c1cc5,3019,12,
2986,c16cc(C),3018,8,
2987,CC[C@@],3015,7,
2988,C9(C)(C)C,3017,9,
2989,c17ccc8cc1,3017,10,
2990,cc(N,3016,4,
2991,CCN1CCCC1,3013,9,
2992,O%28,3012,4,
2993,c14cc(C),3010,8,
2994,cc(C)n1,3007,7,
2995,C=5N,3005,4,
2996,CNC=,3003,4,
2997,C=8N9,3003,5,
2998,N#C5,3001,4,
2999,[C@H]2%13,2999,9,
